NI VB-8012,,,,,
Configuration,,,,,
,Device,,,,,
,,Name,Serial Number,Firmware,,,
,,VB8012-313F4C9,313F4C9,16.0.0f0,,,,,
MIXED SIGNAL OSCILLOSCOPE,,,,,,,,,,,,,,,,,,DC POWER SUPPLY,,,,,,,DIGITAL MULTIMETER,,,,,,,,DIGITAL I/O,,,,,,,,,,
Configuration,,,,,,,,,,,,,,,,,,Configuration,,,,,,,Configuration,,,,,,,,Configuration,,,,,,,,,,
,Analog,,,,,,,,,,,Trigger,,,Acquisition,,,,Analog,,,,,,,Analog,,,,,,,,Digital,,,,,,,,,,
,,Name,Alias,Channel Coupling,Bandwidth Limit,Input Impedance,Probe Attenuation,Volts Per Division,Vertical Offset (V),ΔT (ns),,,Type,,,Mode,,,,Name,Operating Mode,Voltage Set Point,Amperage Set Point,,,,Name,Measurement Mode,Measurement Range,Input Impedance,Null Offset,,,,Name,Direction,,,,,,,,,
,,1,1,DC,Full Bandwidth,1 MΩ,1X,2 V/,0.030710,10000.0000,,,Immediate,,,Peak Detect,,,,+6 V,CV,1.830,0.010,,,,DMM,DC Voltage,100 mV,Normal Impedance (10 MΩ),Off,,,,0,Input,,,,,,,,,,,
,,,,,,,,,,,,,,,,,,,,+25 V,CV,0.000,0.005,,,,,,,,,,,,1,Input,,,,,,,,,,,
,,,,,,,,,,,,,,,,,,,,-25 V,CV,0.000,0.500,,,,,,,,,,,,2,Input,,,,,,,,,,,
,,,,,,,,,,,,,,,,,,,,,,,,,,,,,,,,,,,3,Input,,,,,,,,,,,
,,,,,,,,,,,,,,,,,,,,,,,,,,,,,,,,,,,4,Input,,,,,,,,,,,
,,,,,,,,,,,,,,,,,,,,,,,,,,,,,,,,,,,5,Input,,,,,,,,,,,
,,,,,,,,,,,,,,,,,,,,,,,,,,,,,,,,,,,6,Input,,,,,,,,,,,
,,,,,,,,,,,,,,,,,,,,,,,,,,,,,,,,,,,7,Input,,,,,,,,,,,
MIXED SIGNAL OSCILLOSCOPE,,,,,,,,,,,,,,,,,,DC POWER SUPPLY,,,,,,,DIGITAL MULTIMETER,,,,,,,,DIGITAL I/O,,,,,,,,,,
Data,,,,,,,,,,,,,,,,,,Data,,,,,,,Data,,,,,,,,Data,,,,,,,,,,
,Analog,,,,,,,,,,,,,,,,,,Analog,,,,,,,Analog,,,,,,,,Digital,,,,,,,,,,
,,Timestamps (ns),1 Min,1 Max,,,,,,,,,,,,,,,,+6 V,+25 V,-25 V,,,,,DMM,,,,,,,,0,1,2,3,4,5,6,7,,,
,,-4000000,3.26147089721413,3.3437754239631,,,,,,,,,,,,,,,,1.830810546875,0.00390625,-0.00390625,,,,,5.52316917058092E-05,,,,,,,,0,0,0,0,0,0,0,0,,,
,,-3990000,3.26147089721413,3.3437754239631,,,,,,,,,,,,,,,,0,3.0517578125E-05,0.0001220703125,,,,,,,,,,,,,,,,,,,,,,,
,,-3980000,3.26147089721413,3.3437754239631,,,,,,,,,,,,,,,,,,,,,,,,,,,,,,,,,,,,,,,,,
,,-3970000,3.26147089721413,3.3437754239631,,,,,,,,,,,,,,,,,,,,,,,,,,,,,,,,,,,,,,,,,
,,-3960000,3.26147089721413,3.3437754239631,,,,,,,,,,,,,,,,,,,,,,,,,,,,,,,,,,,,,,,,,
,,-3950000,3.26147089721413,3.3437754239631,,,,,,,,,,,,,,,,,,,,,,,,,,,,,,,,,,,,,,,,,
,,-3940000,3.26147089721413,3.3437754239631,,,,,,,,,,,,,,,,,,,,,,,,,,,,,,,,,,,,,,,,,
,,-3930000,3.26147089721413,3.3437754239631,,,,,,,,,,,,,,,,,,,,,,,,,,,,,,,,,,,,,,,,,
,,-3920000,3.26147089721413,3.3437754239631,,,,,,,,,,,,,,,,,,,,,,,,,,,,,,,,,,,,,,,,,
,,-3910000,3.26147089721413,3.3437754239631,,,,,,,,,,,,,,,,,,,,,,,,,,,,,,,,,,,,,,,,,
,,-3900000,3.26147089721413,3.3437754239631,,,,,,,,,,,,,,,,,,,,,,,,,,,,,,,,,,,,,,,,,
,,-3890000,3.26147089721413,3.3437754239631,,,,,,,,,,,,,,,,,,,,,,,,,,,,,,,,,,,,,,,,,
,,-3880000,3.26147089721413,3.3437754239631,,,,,,,,,,,,,,,,,,,,,,,,,,,,,,,,,,,,,,,,,
,,-3870000,3.26147089721413,3.3437754239631,,,,,,,,,,,,,,,,,,,,,,,,,,,,,,,,,,,,,,,,,
,,-3860000,3.26147089721413,3.3437754239631,,,,,,,,,,,,,,,,,,,,,,,,,,,,,,,,,,,,,,,,,
,,-3850000,3.26147089721413,3.3437754239631,,,,,,,,,,,,,,,,,,,,,,,,,,,,,,,,,,,,,,,,,
,,-3840000,3.26147089721413,3.3437754239631,,,,,,,,,,,,,,,,,,,,,,,,,,,,,,,,,,,,,,,,,
,,-3830000,3.26147089721413,3.3437754239631,,,,,,,,,,,,,,,,,,,,,,,,,,,,,,,,,,,,,,,,,
,,-3820000,3.26147089721413,3.3437754239631,,,,,,,,,,,,,,,,,,,,,,,,,,,,,,,,,,,,,,,,,
,,-3810000,3.26147089721413,3.3437754239631,,,,,,,,,,,,,,,,,,,,,,,,,,,,,,,,,,,,,,,,,
,,-3800000,3.26147089721413,3.3437754239631,,,,,,,,,,,,,,,,,,,,,,,,,,,,,,,,,,,,,,,,,
,,-3790000,3.26147089721413,3.3437754239631,,,,,,,,,,,,,,,,,,,,,,,,,,,,,,,,,,,,,,,,,
,,-3780000,3.26147089721413,3.3437754239631,,,,,,,,,,,,,,,,,,,,,,,,,,,,,,,,,,,,,,,,,
,,-3770000,3.26147089721413,3.3437754239631,,,,,,,,,,,,,,,,,,,,,,,,,,,,,,,,,,,,,,,,,
,,-3760000,3.26147089721413,3.3437754239631,,,,,,,,,,,,,,,,,,,,,,,,,,,,,,,,,,,,,,,,,
,,-3750000,3.26147089721413,3.3437754239631,,,,,,,,,,,,,,,,,,,,,,,,,,,,,,,,,,,,,,,,,
,,-3740000,3.26147089721413,3.3437754239631,,,,,,,,,,,,,,,,,,,,,,,,,,,,,,,,,,,,,,,,,
,,-3730000,3.26147089721413,3.3437754239631,,,,,,,,,,,,,,,,,,,,,,,,,,,,,,,,,,,,,,,,,
,,-3720000,3.26147089721413,3.3437754239631,,,,,,,,,,,,,,,,,,,,,,,,,,,,,,,,,,,,,,,,,
,,-3710000,3.26147089721413,3.3437754239631,,,,,,,,,,,,,,,,,,,,,,,,,,,,,,,,,,,,,,,,,
,,-3700000,3.26147089721413,3.3437754239631,,,,,,,,,,,,,,,,,,,,,,,,,,,,,,,,,,,,,,,,,
,,-3690000,3.26147089721413,3.3437754239631,,,,,,,,,,,,,,,,,,,,,,,,,,,,,,,,,,,,,,,,,
,,-3680000,3.26147089721413,3.3437754239631,,,,,,,,,,,,,,,,,,,,,,,,,,,,,,,,,,,,,,,,,
,,-3670000,3.26147089721413,3.3437754239631,,,,,,,,,,,,,,,,,,,,,,,,,,,,,,,,,,,,,,,,,
,,-3660000,3.26147089721413,3.3437754239631,,,,,,,,,,,,,,,,,,,,,,,,,,,,,,,,,,,,,,,,,
,,-3650000,-0.0307101727447208,3.3437754239631,,,,,,,,,,,,,,,,,,,,,,,,,,,,,,,,,,,,,,,,,
,,-3640000,-0.0307101727447208,0.133898880753222,,,,,,,,,,,,,,,,,,,,,,,,,,,,,,,,,,,,,,,,,
,,-3630000,-0.0307101727447208,0.0515943540042503,,,,,,,,,,,,,,,,,,,,,,,,,,,,,,,,,,,,,,,,,
,,-3620000,-0.0307101727447208,0.0515943540042503,,,,,,,,,,,,,,,,,,,,,,,,,,,,,,,,,,,,,,,,,
,,-3610000,-0.0307101727447208,0.133898880753222,,,,,,,,,,,,,,,,,,,,,,,,,,,,,,,,,,,,,,,,,
,,-3600000,-0.0307101727447208,0.0515943540042503,,,,,,,,,,,,,,,,,,,,,,,,,,,,,,,,,,,,,,,,,
,,-3590000,-0.0307101727447208,0.0515943540042503,,,,,,,,,,,,,,,,,,,,,,,,,,,,,,,,,,,,,,,,,
,,-3580000,-0.0307101727447208,0.133898880753222,,,,,,,,,,,,,,,,,,,,,,,,,,,,,,,,,,,,,,,,,
,,-3570000,-0.0307101727447208,0.0515943540042503,,,,,,,,,,,,,,,,,,,,,,,,,,,,,,,,,,,,,,,,,
,,-3560000,-0.0307101727447208,0.133898880753222,,,,,,,,,,,,,,,,,,,,,,,,,,,,,,,,,,,,,,,,,
,,-3550000,-0.0307101727447208,0.0515943540042503,,,,,,,,,,,,,,,,,,,,,,,,,,,,,,,,,,,,,,,,,
,,-3540000,-0.0307101727447208,0.0515943540042503,,,,,,,,,,,,,,,,,,,,,,,,,,,,,,,,,,,,,,,,,
,,-3530000,-0.0307101727447208,0.133898880753222,,,,,,,,,,,,,,,,,,,,,,,,,,,,,,,,,,,,,,,,,
,,-3520000,-0.0307101727447208,0.133898880753222,,,,,,,,,,,,,,,,,,,,,,,,,,,,,,,,,,,,,,,,,
,,-3510000,-0.0307101727447208,0.133898880753222,,,,,,,,,,,,,,,,,,,,,,,,,,,,,,,,,,,,,,,,,
,,-3500000,-0.0307101727447208,0.133898880753222,,,,,,,,,,,,,,,,,,,,,,,,,,,,,,,,,,,,,,,,,
,,-3490000,-0.0307101727447208,0.0515943540042503,,,,,,,,,,,,,,,,,,,,,,,,,,,,,,,,,,,,,,,,,
,,-3480000,-0.0307101727447208,0.0515943540042503,,,,,,,,,,,,,,,,,,,,,,,,,,,,,,,,,,,,,,,,,
,,-3470000,-0.0307101727447208,0.133898880753222,,,,,,,,,,,,,,,,,,,,,,,,,,,,,,,,,,,,,,,,,
,,-3460000,-0.0307101727447208,0.0515943540042503,,,,,,,,,,,,,,,,,,,,,,,,,,,,,,,,,,,,,,,,,
,,-3450000,-0.0307101727447208,0.0515943540042503,,,,,,,,,,,,,,,,,,,,,,,,,,,,,,,,,,,,,,,,,
,,-3440000,-0.0307101727447208,0.0515943540042503,,,,,,,,,,,,,,,,,,,,,,,,,,,,,,,,,,,,,,,,,
,,-3430000,-0.0307101727447208,0.133898880753222,,,,,,,,,,,,,,,,,,,,,,,,,,,,,,,,,,,,,,,,,
,,-3420000,-0.0307101727447208,0.0515943540042503,,,,,,,,,,,,,,,,,,,,,,,,,,,,,,,,,,,,,,,,,
,,-3410000,-0.0307101727447208,0.0515943540042503,,,,,,,,,,,,,,,,,,,,,,,,,,,,,,,,,,,,,,,,,
,,-3400000,-0.0307101727447208,0.133898880753222,,,,,,,,,,,,,,,,,,,,,,,,,,,,,,,,,,,,,,,,,
,,-3390000,-0.0307101727447208,0.0515943540042503,,,,,,,,,,,,,,,,,,,,,,,,,,,,,,,,,,,,,,,,,
,,-3380000,-0.0307101727447208,0.0515943540042503,,,,,,,,,,,,,,,,,,,,,,,,,,,,,,,,,,,,,,,,,
,,-3370000,-0.0307101727447208,0.133898880753222,,,,,,,,,,,,,,,,,,,,,,,,,,,,,,,,,,,,,,,,,
,,-3360000,-0.0307101727447208,0.0515943540042503,,,,,,,,,,,,,,,,,,,,,,,,,,,,,,,,,,,,,,,,,
,,-3350000,-0.0307101727447208,0.0515943540042503,,,,,,,,,,,,,,,,,,,,,,,,,,,,,,,,,,,,,,,,,
,,-3340000,-0.0307101727447208,0.133898880753222,,,,,,,,,,,,,,,,,,,,,,,,,,,,,,,,,,,,,,,,,
,,-3330000,-0.0307101727447208,0.133898880753222,,,,,,,,,,,,,,,,,,,,,,,,,,,,,,,,,,,,,,,,,
,,-3320000,-0.0307101727447208,0.0515943540042503,,,,,,,,,,,,,,,,,,,,,,,,,,,,,,,,,,,,,,,,,
,,-3310000,-0.0307101727447208,0.0515943540042503,,,,,,,,,,,,,,,,,,,,,,,,,,,,,,,,,,,,,,,,,
,,-3300000,-0.0307101727447208,0.0515943540042503,,,,,,,,,,,,,,,,,,,,,,,,,,,,,,,,,,,,,,,,,
,,-3290000,-0.0307101727447208,0.0515943540042503,,,,,,,,,,,,,,,,,,,,,,,,,,,,,,,,,,,,,,,,,
,,-3280000,-0.0307101727447208,0.133898880753222,,,,,,,,,,,,,,,,,,,,,,,,,,,,,,,,,,,,,,,,,
,,-3270000,-0.0307101727447208,0.133898880753222,,,,,,,,,,,,,,,,,,,,,,,,,,,,,,,,,,,,,,,,,
,,-3260000,-0.0307101727447208,0.0515943540042503,,,,,,,,,,,,,,,,,,,,,,,,,,,,,,,,,,,,,,,,,
,,-3250000,-0.0307101727447208,0.133898880753222,,,,,,,,,,,,,,,,,,,,,,,,,,,,,,,,,,,,,,,,,
,,-3240000,-0.0307101727447208,0.133898880753222,,,,,,,,,,,,,,,,,,,,,,,,,,,,,,,,,,,,,,,,,
,,-3230000,-0.0307101727447208,0.0515943540042503,,,,,,,,,,,,,,,,,,,,,,,,,,,,,,,,,,,,,,,,,
,,-3220000,-0.0307101727447208,0.133898880753222,,,,,,,,,,,,,,,,,,,,,,,,,,,,,,,,,,,,,,,,,
,,-3210000,-0.0307101727447208,0.133898880753222,,,,,,,,,,,,,,,,,,,,,,,,,,,,,,,,,,,,,,,,,
,,-3200000,-0.0307101727447208,0.133898880753222,,,,,,,,,,,,,,,,,,,,,,,,,,,,,,,,,,,,,,,,,
,,-3190000,-0.0307101727447208,0.133898880753222,,,,,,,,,,,,,,,,,,,,,,,,,,,,,,,,,,,,,,,,,
,,-3180000,-0.0307101727447208,0.133898880753222,,,,,,,,,,,,,,,,,,,,,,,,,,,,,,,,,,,,,,,,,
,,-3170000,-0.0307101727447208,0.0515943540042503,,,,,,,,,,,,,,,,,,,,,,,,,,,,,,,,,,,,,,,,,
,,-3160000,-0.0307101727447208,0.0515943540042503,,,,,,,,,,,,,,,,,,,,,,,,,,,,,,,,,,,,,,,,,
,,-3150000,-0.0307101727447208,0.133898880753222,,,,,,,,,,,,,,,,,,,,,,,,,,,,,,,,,,,,,,,,,
,,-3140000,-0.0307101727447208,0.0515943540042503,,,,,,,,,,,,,,,,,,,,,,,,,,,,,,,,,,,,,,,,,
,,-3130000,-0.0307101727447208,0.0515943540042503,,,,,,,,,,,,,,,,,,,,,,,,,,,,,,,,,,,,,,,,,
,,-3120000,-0.0307101727447208,0.0515943540042503,,,,,,,,,,,,,,,,,,,,,,,,,,,,,,,,,,,,,,,,,
,,-3110000,-0.0307101727447208,0.0515943540042503,,,,,,,,,,,,,,,,,,,,,,,,,,,,,,,,,,,,,,,,,
,,-3100000,-0.0307101727447208,0.0515943540042503,,,,,,,,,,,,,,,,,,,,,,,,,,,,,,,,,,,,,,,,,
,,-3090000,-0.0307101727447208,0.0515943540042503,,,,,,,,,,,,,,,,,,,,,,,,,,,,,,,,,,,,,,,,,
,,-3080000,-0.0307101727447208,0.0515943540042503,,,,,,,,,,,,,,,,,,,,,,,,,,,,,,,,,,,,,,,,,
,,-3070000,-0.0307101727447208,0.0515943540042503,,,,,,,,,,,,,,,,,,,,,,,,,,,,,,,,,,,,,,,,,
,,-3060000,-0.0307101727447208,0.0515943540042503,,,,,,,,,,,,,,,,,,,,,,,,,,,,,,,,,,,,,,,,,
,,-3050000,-0.0307101727447208,0.0515943540042503,,,,,,,,,,,,,,,,,,,,,,,,,,,,,,,,,,,,,,,,,
,,-3040000,-0.0307101727447208,3.3437754239631,,,,,,,,,,,,,,,,,,,,,,,,,,,,,,,,,,,,,,,,,
,,-3030000,3.26147089721413,3.3437754239631,,,,,,,,,,,,,,,,,,,,,,,,,,,,,,,,,,,,,,,,,
,,-3020000,3.26147089721413,3.3437754239631,,,,,,,,,,,,,,,,,,,,,,,,,,,,,,,,,,,,,,,,,
,,-3010000,3.26147089721413,3.3437754239631,,,,,,,,,,,,,,,,,,,,,,,,,,,,,,,,,,,,,,,,,
,,-3000000,3.26147089721413,3.3437754239631,,,,,,,,,,,,,,,,,,,,,,,,,,,,,,,,,,,,,,,,,
,,-2990000,3.26147089721413,3.3437754239631,,,,,,,,,,,,,,,,,,,,,,,,,,,,,,,,,,,,,,,,,
,,-2980000,3.26147089721413,3.42607995071207,,,,,,,,,,,,,,,,,,,,,,,,,,,,,,,,,,,,,,,,,
,,-2970000,3.26147089721413,3.3437754239631,,,,,,,,,,,,,,,,,,,,,,,,,,,,,,,,,,,,,,,,,
,,-2960000,3.26147089721413,3.3437754239631,,,,,,,,,,,,,,,,,,,,,,,,,,,,,,,,,,,,,,,,,
,,-2950000,3.26147089721413,3.3437754239631,,,,,,,,,,,,,,,,,,,,,,,,,,,,,,,,,,,,,,,,,
,,-2940000,3.26147089721413,3.3437754239631,,,,,,,,,,,,,,,,,,,,,,,,,,,,,,,,,,,,,,,,,
,,-2930000,3.26147089721413,3.3437754239631,,,,,,,,,,,,,,,,,,,,,,,,,,,,,,,,,,,,,,,,,
,,-2920000,3.26147089721413,3.3437754239631,,,,,,,,,,,,,,,,,,,,,,,,,,,,,,,,,,,,,,,,,
,,-2910000,3.26147089721413,3.3437754239631,,,,,,,,,,,,,,,,,,,,,,,,,,,,,,,,,,,,,,,,,
,,-2900000,3.26147089721413,3.3437754239631,,,,,,,,,,,,,,,,,,,,,,,,,,,,,,,,,,,,,,,,,
,,-2890000,3.26147089721413,3.3437754239631,,,,,,,,,,,,,,,,,,,,,,,,,,,,,,,,,,,,,,,,,
,,-2880000,3.26147089721413,3.3437754239631,,,,,,,,,,,,,,,,,,,,,,,,,,,,,,,,,,,,,,,,,
,,-2870000,3.26147089721413,3.3437754239631,,,,,,,,,,,,,,,,,,,,,,,,,,,,,,,,,,,,,,,,,
,,-2860000,3.26147089721413,3.3437754239631,,,,,,,,,,,,,,,,,,,,,,,,,,,,,,,,,,,,,,,,,
,,-2850000,3.26147089721413,3.3437754239631,,,,,,,,,,,,,,,,,,,,,,,,,,,,,,,,,,,,,,,,,
,,-2840000,3.26147089721413,3.3437754239631,,,,,,,,,,,,,,,,,,,,,,,,,,,,,,,,,,,,,,,,,
,,-2830000,3.26147089721413,3.3437754239631,,,,,,,,,,,,,,,,,,,,,,,,,,,,,,,,,,,,,,,,,
,,-2820000,3.26147089721413,3.3437754239631,,,,,,,,,,,,,,,,,,,,,,,,,,,,,,,,,,,,,,,,,
,,-2810000,3.26147089721413,3.3437754239631,,,,,,,,,,,,,,,,,,,,,,,,,,,,,,,,,,,,,,,,,
,,-2800000,3.26147089721413,3.3437754239631,,,,,,,,,,,,,,,,,,,,,,,,,,,,,,,,,,,,,,,,,
,,-2790000,3.26147089721413,3.3437754239631,,,,,,,,,,,,,,,,,,,,,,,,,,,,,,,,,,,,,,,,,
,,-2780000,3.26147089721413,3.3437754239631,,,,,,,,,,,,,,,,,,,,,,,,,,,,,,,,,,,,,,,,,
,,-2770000,3.26147089721413,3.3437754239631,,,,,,,,,,,,,,,,,,,,,,,,,,,,,,,,,,,,,,,,,
,,-2760000,3.26147089721413,3.3437754239631,,,,,,,,,,,,,,,,,,,,,,,,,,,,,,,,,,,,,,,,,
,,-2750000,3.26147089721413,3.3437754239631,,,,,,,,,,,,,,,,,,,,,,,,,,,,,,,,,,,,,,,,,
,,-2740000,3.26147089721413,3.3437754239631,,,,,,,,,,,,,,,,,,,,,,,,,,,,,,,,,,,,,,,,,
,,-2730000,3.26147089721413,3.3437754239631,,,,,,,,,,,,,,,,,,,,,,,,,,,,,,,,,,,,,,,,,
,,-2720000,3.26147089721413,3.3437754239631,,,,,,,,,,,,,,,,,,,,,,,,,,,,,,,,,,,,,,,,,
,,-2710000,3.26147089721413,3.3437754239631,,,,,,,,,,,,,,,,,,,,,,,,,,,,,,,,,,,,,,,,,
,,-2700000,3.26147089721413,3.3437754239631,,,,,,,,,,,,,,,,,,,,,,,,,,,,,,,,,,,,,,,,,
,,-2690000,3.26147089721413,3.3437754239631,,,,,,,,,,,,,,,,,,,,,,,,,,,,,,,,,,,,,,,,,
,,-2680000,3.26147089721413,3.3437754239631,,,,,,,,,,,,,,,,,,,,,,,,,,,,,,,,,,,,,,,,,
,,-2670000,3.26147089721413,3.3437754239631,,,,,,,,,,,,,,,,,,,,,,,,,,,,,,,,,,,,,,,,,
,,-2660000,3.26147089721413,3.3437754239631,,,,,,,,,,,,,,,,,,,,,,,,,,,,,,,,,,,,,,,,,
,,-2650000,3.26147089721413,3.3437754239631,,,,,,,,,,,,,,,,,,,,,,,,,,,,,,,,,,,,,,,,,
,,-2640000,3.26147089721413,3.3437754239631,,,,,,,,,,,,,,,,,,,,,,,,,,,,,,,,,,,,,,,,,
,,-2630000,3.26147089721413,3.3437754239631,,,,,,,,,,,,,,,,,,,,,,,,,,,,,,,,,,,,,,,,,
,,-2620000,3.26147089721413,3.3437754239631,,,,,,,,,,,,,,,,,,,,,,,,,,,,,,,,,,,,,,,,,
,,-2610000,3.26147089721413,3.3437754239631,,,,,,,,,,,,,,,,,,,,,,,,,,,,,,,,,,,,,,,,,
,,-2600000,3.26147089721413,3.3437754239631,,,,,,,,,,,,,,,,,,,,,,,,,,,,,,,,,,,,,,,,,
,,-2590000,3.26147089721413,3.3437754239631,,,,,,,,,,,,,,,,,,,,,,,,,,,,,,,,,,,,,,,,,
,,-2580000,3.26147089721413,3.3437754239631,,,,,,,,,,,,,,,,,,,,,,,,,,,,,,,,,,,,,,,,,
,,-2570000,3.26147089721413,3.3437754239631,,,,,,,,,,,,,,,,,,,,,,,,,,,,,,,,,,,,,,,,,
,,-2560000,3.26147089721413,3.3437754239631,,,,,,,,,,,,,,,,,,,,,,,,,,,,,,,,,,,,,,,,,
,,-2550000,3.26147089721413,3.3437754239631,,,,,,,,,,,,,,,,,,,,,,,,,,,,,,,,,,,,,,,,,
,,-2540000,3.26147089721413,3.3437754239631,,,,,,,,,,,,,,,,,,,,,,,,,,,,,,,,,,,,,,,,,
,,-2530000,3.26147089721413,3.3437754239631,,,,,,,,,,,,,,,,,,,,,,,,,,,,,,,,,,,,,,,,,
,,-2520000,3.26147089721413,3.3437754239631,,,,,,,,,,,,,,,,,,,,,,,,,,,,,,,,,,,,,,,,,
,,-2510000,3.26147089721413,3.3437754239631,,,,,,,,,,,,,,,,,,,,,,,,,,,,,,,,,,,,,,,,,
,,-2500000,3.26147089721413,3.3437754239631,,,,,,,,,,,,,,,,,,,,,,,,,,,,,,,,,,,,,,,,,
,,-2490000,3.26147089721413,3.3437754239631,,,,,,,,,,,,,,,,,,,,,,,,,,,,,,,,,,,,,,,,,
,,-2480000,3.26147089721413,3.3437754239631,,,,,,,,,,,,,,,,,,,,,,,,,,,,,,,,,,,,,,,,,
,,-2470000,3.26147089721413,3.3437754239631,,,,,,,,,,,,,,,,,,,,,,,,,,,,,,,,,,,,,,,,,
,,-2460000,3.26147089721413,3.3437754239631,,,,,,,,,,,,,,,,,,,,,,,,,,,,,,,,,,,,,,,,,
,,-2450000,3.26147089721413,3.3437754239631,,,,,,,,,,,,,,,,,,,,,,,,,,,,,,,,,,,,,,,,,
,,-2440000,3.26147089721413,3.3437754239631,,,,,,,,,,,,,,,,,,,,,,,,,,,,,,,,,,,,,,,,,
,,-2430000,3.26147089721413,3.3437754239631,,,,,,,,,,,,,,,,,,,,,,,,,,,,,,,,,,,,,,,,,
,,-2420000,3.26147089721413,3.3437754239631,,,,,,,,,,,,,,,,,,,,,,,,,,,,,,,,,,,,,,,,,
,,-2410000,3.26147089721413,3.3437754239631,,,,,,,,,,,,,,,,,,,,,,,,,,,,,,,,,,,,,,,,,
,,-2400000,3.26147089721413,3.3437754239631,,,,,,,,,,,,,,,,,,,,,,,,,,,,,,,,,,,,,,,,,
,,-2390000,3.26147089721413,3.3437754239631,,,,,,,,,,,,,,,,,,,,,,,,,,,,,,,,,,,,,,,,,
,,-2380000,3.26147089721413,3.3437754239631,,,,,,,,,,,,,,,,,,,,,,,,,,,,,,,,,,,,,,,,,
,,-2370000,3.26147089721413,3.3437754239631,,,,,,,,,,,,,,,,,,,,,,,,,,,,,,,,,,,,,,,,,
,,-2360000,3.26147089721413,3.3437754239631,,,,,,,,,,,,,,,,,,,,,,,,,,,,,,,,,,,,,,,,,
,,-2350000,3.26147089721413,3.3437754239631,,,,,,,,,,,,,,,,,,,,,,,,,,,,,,,,,,,,,,,,,
,,-2340000,3.26147089721413,3.3437754239631,,,,,,,,,,,,,,,,,,,,,,,,,,,,,,,,,,,,,,,,,
,,-2330000,3.26147089721413,3.3437754239631,,,,,,,,,,,,,,,,,,,,,,,,,,,,,,,,,,,,,,,,,
,,-2320000,3.26147089721413,3.3437754239631,,,,,,,,,,,,,,,,,,,,,,,,,,,,,,,,,,,,,,,,,
,,-2310000,3.26147089721413,3.3437754239631,,,,,,,,,,,,,,,,,,,,,,,,,,,,,,,,,,,,,,,,,
,,-2300000,3.26147089721413,3.3437754239631,,,,,,,,,,,,,,,,,,,,,,,,,,,,,,,,,,,,,,,,,
,,-2290000,3.26147089721413,3.3437754239631,,,,,,,,,,,,,,,,,,,,,,,,,,,,,,,,,,,,,,,,,
,,-2280000,-0.0307101727447208,3.3437754239631,,,,,,,,,,,,,,,,,,,,,,,,,,,,,,,,,,,,,,,,,
,,-2270000,-0.0307101727447208,0.0515943540042503,,,,,,,,,,,,,,,,,,,,,,,,,,,,,,,,,,,,,,,,,
,,-2260000,-0.0307101727447208,0.0515943540042503,,,,,,,,,,,,,,,,,,,,,,,,,,,,,,,,,,,,,,,,,
,,-2250000,-0.0307101727447208,0.0515943540042503,,,,,,,,,,,,,,,,,,,,,,,,,,,,,,,,,,,,,,,,,
,,-2240000,-0.0307101727447208,0.133898880753222,,,,,,,,,,,,,,,,,,,,,,,,,,,,,,,,,,,,,,,,,
,,-2230000,-0.0307101727447208,0.0515943540042503,,,,,,,,,,,,,,,,,,,,,,,,,,,,,,,,,,,,,,,,,
,,-2220000,-0.0307101727447208,0.0515943540042503,,,,,,,,,,,,,,,,,,,,,,,,,,,,,,,,,,,,,,,,,
,,-2210000,-0.0307101727447208,0.0515943540042503,,,,,,,,,,,,,,,,,,,,,,,,,,,,,,,,,,,,,,,,,
,,-2200000,-0.0307101727447208,0.0515943540042503,,,,,,,,,,,,,,,,,,,,,,,,,,,,,,,,,,,,,,,,,
,,-2190000,-0.0307101727447208,0.0515943540042503,,,,,,,,,,,,,,,,,,,,,,,,,,,,,,,,,,,,,,,,,
,,-2180000,-0.0307101727447208,0.0515943540042503,,,,,,,,,,,,,,,,,,,,,,,,,,,,,,,,,,,,,,,,,
,,-2170000,-0.0307101727447208,0.0515943540042503,,,,,,,,,,,,,,,,,,,,,,,,,,,,,,,,,,,,,,,,,
,,-2160000,-0.0307101727447208,0.0515943540042503,,,,,,,,,,,,,,,,,,,,,,,,,,,,,,,,,,,,,,,,,
,,-2150000,-0.0307101727447208,0.0515943540042503,,,,,,,,,,,,,,,,,,,,,,,,,,,,,,,,,,,,,,,,,
,,-2140000,-0.0307101727447208,0.0515943540042503,,,,,,,,,,,,,,,,,,,,,,,,,,,,,,,,,,,,,,,,,
,,-2130000,-0.0307101727447208,0.0515943540042503,,,,,,,,,,,,,,,,,,,,,,,,,,,,,,,,,,,,,,,,,
,,-2120000,-0.0307101727447208,0.133898880753222,,,,,,,,,,,,,,,,,,,,,,,,,,,,,,,,,,,,,,,,,
,,-2110000,-0.0307101727447208,0.133898880753222,,,,,,,,,,,,,,,,,,,,,,,,,,,,,,,,,,,,,,,,,
,,-2100000,-0.0307101727447208,0.133898880753222,,,,,,,,,,,,,,,,,,,,,,,,,,,,,,,,,,,,,,,,,
,,-2090000,-0.0307101727447208,0.0515943540042503,,,,,,,,,,,,,,,,,,,,,,,,,,,,,,,,,,,,,,,,,
,,-2080000,-0.0307101727447208,0.0515943540042503,,,,,,,,,,,,,,,,,,,,,,,,,,,,,,,,,,,,,,,,,
,,-2070000,-0.0307101727447208,0.0515943540042503,,,,,,,,,,,,,,,,,,,,,,,,,,,,,,,,,,,,,,,,,
,,-2060000,-0.0307101727447208,0.0515943540042503,,,,,,,,,,,,,,,,,,,,,,,,,,,,,,,,,,,,,,,,,
,,-2050000,-0.0307101727447208,0.0515943540042503,,,,,,,,,,,,,,,,,,,,,,,,,,,,,,,,,,,,,,,,,
,,-2040000,-0.0307101727447208,0.133898880753222,,,,,,,,,,,,,,,,,,,,,,,,,,,,,,,,,,,,,,,,,
,,-2030000,-0.0307101727447208,0.0515943540042503,,,,,,,,,,,,,,,,,,,,,,,,,,,,,,,,,,,,,,,,,
,,-2020000,-0.0307101727447208,0.0515943540042503,,,,,,,,,,,,,,,,,,,,,,,,,,,,,,,,,,,,,,,,,
,,-2010000,-0.0307101727447208,0.133898880753222,,,,,,,,,,,,,,,,,,,,,,,,,,,,,,,,,,,,,,,,,
,,-2000000,-0.0307101727447208,0.0515943540042503,,,,,,,,,,,,,,,,,,,,,,,,,,,,,,,,,,,,,,,,,
,,-1990000,-0.0307101727447208,0.0515943540042503,,,,,,,,,,,,,,,,,,,,,,,,,,,,,,,,,,,,,,,,,
,,-1980000,-0.0307101727447208,0.133898880753222,,,,,,,,,,,,,,,,,,,,,,,,,,,,,,,,,,,,,,,,,
,,-1970000,-0.0307101727447208,0.0515943540042503,,,,,,,,,,,,,,,,,,,,,,,,,,,,,,,,,,,,,,,,,
,,-1960000,-0.0307101727447208,0.133898880753222,,,,,,,,,,,,,,,,,,,,,,,,,,,,,,,,,,,,,,,,,
,,-1950000,-0.0307101727447208,0.0515943540042503,,,,,,,,,,,,,,,,,,,,,,,,,,,,,,,,,,,,,,,,,
,,-1940000,-0.0307101727447208,0.0515943540042503,,,,,,,,,,,,,,,,,,,,,,,,,,,,,,,,,,,,,,,,,
,,-1930000,-0.0307101727447208,0.0515943540042503,,,,,,,,,,,,,,,,,,,,,,,,,,,,,,,,,,,,,,,,,
,,-1920000,-0.0307101727447208,0.0515943540042503,,,,,,,,,,,,,,,,,,,,,,,,,,,,,,,,,,,,,,,,,
,,-1910000,-0.0307101727447208,0.0515943540042503,,,,,,,,,,,,,,,,,,,,,,,,,,,,,,,,,,,,,,,,,
,,-1900000,-0.0307101727447208,0.0515943540042503,,,,,,,,,,,,,,,,,,,,,,,,,,,,,,,,,,,,,,,,,
,,-1890000,-0.0307101727447208,0.0515943540042503,,,,,,,,,,,,,,,,,,,,,,,,,,,,,,,,,,,,,,,,,
,,-1880000,-0.0307101727447208,0.0515943540042503,,,,,,,,,,,,,,,,,,,,,,,,,,,,,,,,,,,,,,,,,
,,-1870000,-0.0307101727447208,0.0515943540042503,,,,,,,,,,,,,,,,,,,,,,,,,,,,,,,,,,,,,,,,,
,,-1860000,-0.0307101727447208,0.133898880753222,,,,,,,,,,,,,,,,,,,,,,,,,,,,,,,,,,,,,,,,,
,,-1850000,-0.0307101727447208,0.0515943540042503,,,,,,,,,,,,,,,,,,,,,,,,,,,,,,,,,,,,,,,,,
,,-1840000,-0.0307101727447208,0.133898880753222,,,,,,,,,,,,,,,,,,,,,,,,,,,,,,,,,,,,,,,,,
,,-1830000,-0.0307101727447208,0.0515943540042503,,,,,,,,,,,,,,,,,,,,,,,,,,,,,,,,,,,,,,,,,
,,-1820000,-0.0307101727447208,0.0515943540042503,,,,,,,,,,,,,,,,,,,,,,,,,,,,,,,,,,,,,,,,,
,,-1810000,-0.0307101727447208,0.133898880753222,,,,,,,,,,,,,,,,,,,,,,,,,,,,,,,,,,,,,,,,,
,,-1800000,-0.0307101727447208,0.133898880753222,,,,,,,,,,,,,,,,,,,,,,,,,,,,,,,,,,,,,,,,,
,,-1790000,-0.0307101727447208,0.0515943540042503,,,,,,,,,,,,,,,,,,,,,,,,,,,,,,,,,,,,,,,,,
,,-1780000,-0.0307101727447208,0.0515943540042503,,,,,,,,,,,,,,,,,,,,,,,,,,,,,,,,,,,,,,,,,
,,-1770000,-0.0307101727447208,0.0515943540042503,,,,,,,,,,,,,,,,,,,,,,,,,,,,,,,,,,,,,,,,,
,,-1760000,-0.0307101727447208,0.0515943540042503,,,,,,,,,,,,,,,,,,,,,,,,,,,,,,,,,,,,,,,,,
,,-1750000,-0.0307101727447208,0.0515943540042503,,,,,,,,,,,,,,,,,,,,,,,,,,,,,,,,,,,,,,,,,
,,-1740000,-0.0307101727447208,0.0515943540042503,,,,,,,,,,,,,,,,,,,,,,,,,,,,,,,,,,,,,,,,,
,,-1730000,-0.0307101727447208,0.133898880753222,,,,,,,,,,,,,,,,,,,,,,,,,,,,,,,,,,,,,,,,,
,,-1720000,-0.0307101727447208,0.0515943540042503,,,,,,,,,,,,,,,,,,,,,,,,,,,,,,,,,,,,,,,,,
,,-1710000,-0.0307101727447208,0.0515943540042503,,,,,,,,,,,,,,,,,,,,,,,,,,,,,,,,,,,,,,,,,
,,-1700000,-0.0307101727447208,0.0515943540042503,,,,,,,,,,,,,,,,,,,,,,,,,,,,,,,,,,,,,,,,,
,,-1690000,-0.0307101727447208,0.0515943540042503,,,,,,,,,,,,,,,,,,,,,,,,,,,,,,,,,,,,,,,,,
,,-1680000,-0.0307101727447208,0.133898880753222,,,,,,,,,,,,,,,,,,,,,,,,,,,,,,,,,,,,,,,,,
,,-1670000,-0.0307101727447208,3.3437754239631,,,,,,,,,,,,,,,,,,,,,,,,,,,,,,,,,,,,,,,,,
,,-1660000,3.26147089721413,3.3437754239631,,,,,,,,,,,,,,,,,,,,,,,,,,,,,,,,,,,,,,,,,
,,-1650000,3.26147089721413,3.3437754239631,,,,,,,,,,,,,,,,,,,,,,,,,,,,,,,,,,,,,,,,,
,,-1640000,3.26147089721413,3.3437754239631,,,,,,,,,,,,,,,,,,,,,,,,,,,,,,,,,,,,,,,,,
,,-1630000,3.26147089721413,3.3437754239631,,,,,,,,,,,,,,,,,,,,,,,,,,,,,,,,,,,,,,,,,
,,-1620000,3.26147089721413,3.3437754239631,,,,,,,,,,,,,,,,,,,,,,,,,,,,,,,,,,,,,,,,,
,,-1610000,3.26147089721413,3.3437754239631,,,,,,,,,,,,,,,,,,,,,,,,,,,,,,,,,,,,,,,,,
,,-1600000,3.26147089721413,3.3437754239631,,,,,,,,,,,,,,,,,,,,,,,,,,,,,,,,,,,,,,,,,
,,-1590000,3.26147089721413,3.3437754239631,,,,,,,,,,,,,,,,,,,,,,,,,,,,,,,,,,,,,,,,,
,,-1580000,3.26147089721413,3.3437754239631,,,,,,,,,,,,,,,,,,,,,,,,,,,,,,,,,,,,,,,,,
,,-1570000,3.26147089721413,3.3437754239631,,,,,,,,,,,,,,,,,,,,,,,,,,,,,,,,,,,,,,,,,
,,-1560000,3.26147089721413,3.3437754239631,,,,,,,,,,,,,,,,,,,,,,,,,,,,,,,,,,,,,,,,,
,,-1550000,3.26147089721413,3.3437754239631,,,,,,,,,,,,,,,,,,,,,,,,,,,,,,,,,,,,,,,,,
,,-1540000,3.26147089721413,3.3437754239631,,,,,,,,,,,,,,,,,,,,,,,,,,,,,,,,,,,,,,,,,
,,-1530000,3.26147089721413,3.3437754239631,,,,,,,,,,,,,,,,,,,,,,,,,,,,,,,,,,,,,,,,,
,,-1520000,3.26147089721413,3.3437754239631,,,,,,,,,,,,,,,,,,,,,,,,,,,,,,,,,,,,,,,,,
,,-1510000,3.26147089721413,3.3437754239631,,,,,,,,,,,,,,,,,,,,,,,,,,,,,,,,,,,,,,,,,
,,-1500000,3.26147089721413,3.3437754239631,,,,,,,,,,,,,,,,,,,,,,,,,,,,,,,,,,,,,,,,,
,,-1490000,3.26147089721413,3.3437754239631,,,,,,,,,,,,,,,,,,,,,,,,,,,,,,,,,,,,,,,,,
,,-1480000,3.26147089721413,3.3437754239631,,,,,,,,,,,,,,,,,,,,,,,,,,,,,,,,,,,,,,,,,
,,-1470000,3.26147089721413,3.3437754239631,,,,,,,,,,,,,,,,,,,,,,,,,,,,,,,,,,,,,,,,,
,,-1460000,3.26147089721413,3.3437754239631,,,,,,,,,,,,,,,,,,,,,,,,,,,,,,,,,,,,,,,,,
,,-1450000,3.26147089721413,3.3437754239631,,,,,,,,,,,,,,,,,,,,,,,,,,,,,,,,,,,,,,,,,
,,-1440000,3.26147089721413,3.3437754239631,,,,,,,,,,,,,,,,,,,,,,,,,,,,,,,,,,,,,,,,,
,,-1430000,3.26147089721413,3.3437754239631,,,,,,,,,,,,,,,,,,,,,,,,,,,,,,,,,,,,,,,,,
,,-1420000,3.26147089721413,3.3437754239631,,,,,,,,,,,,,,,,,,,,,,,,,,,,,,,,,,,,,,,,,
,,-1410000,3.26147089721413,3.3437754239631,,,,,,,,,,,,,,,,,,,,,,,,,,,,,,,,,,,,,,,,,
,,-1400000,3.26147089721413,3.3437754239631,,,,,,,,,,,,,,,,,,,,,,,,,,,,,,,,,,,,,,,,,
,,-1390000,3.26147089721413,3.3437754239631,,,,,,,,,,,,,,,,,,,,,,,,,,,,,,,,,,,,,,,,,
,,-1380000,3.26147089721413,3.3437754239631,,,,,,,,,,,,,,,,,,,,,,,,,,,,,,,,,,,,,,,,,
,,-1370000,3.26147089721413,3.3437754239631,,,,,,,,,,,,,,,,,,,,,,,,,,,,,,,,,,,,,,,,,
,,-1360000,3.26147089721413,3.3437754239631,,,,,,,,,,,,,,,,,,,,,,,,,,,,,,,,,,,,,,,,,
,,-1350000,3.26147089721413,3.3437754239631,,,,,,,,,,,,,,,,,,,,,,,,,,,,,,,,,,,,,,,,,
,,-1340000,3.26147089721413,3.3437754239631,,,,,,,,,,,,,,,,,,,,,,,,,,,,,,,,,,,,,,,,,
,,-1330000,3.26147089721413,3.3437754239631,,,,,,,,,,,,,,,,,,,,,,,,,,,,,,,,,,,,,,,,,
,,-1320000,3.26147089721413,3.3437754239631,,,,,,,,,,,,,,,,,,,,,,,,,,,,,,,,,,,,,,,,,
,,-1310000,3.26147089721413,3.3437754239631,,,,,,,,,,,,,,,,,,,,,,,,,,,,,,,,,,,,,,,,,
,,-1300000,3.26147089721413,3.3437754239631,,,,,,,,,,,,,,,,,,,,,,,,,,,,,,,,,,,,,,,,,
,,-1290000,3.26147089721413,3.3437754239631,,,,,,,,,,,,,,,,,,,,,,,,,,,,,,,,,,,,,,,,,
,,-1280000,3.26147089721413,3.3437754239631,,,,,,,,,,,,,,,,,,,,,,,,,,,,,,,,,,,,,,,,,
,,-1270000,3.26147089721413,3.3437754239631,,,,,,,,,,,,,,,,,,,,,,,,,,,,,,,,,,,,,,,,,
,,-1260000,3.26147089721413,3.3437754239631,,,,,,,,,,,,,,,,,,,,,,,,,,,,,,,,,,,,,,,,,
,,-1250000,3.26147089721413,3.3437754239631,,,,,,,,,,,,,,,,,,,,,,,,,,,,,,,,,,,,,,,,,
,,-1240000,3.26147089721413,3.3437754239631,,,,,,,,,,,,,,,,,,,,,,,,,,,,,,,,,,,,,,,,,
,,-1230000,3.26147089721413,3.3437754239631,,,,,,,,,,,,,,,,,,,,,,,,,,,,,,,,,,,,,,,,,
,,-1220000,3.26147089721413,3.3437754239631,,,,,,,,,,,,,,,,,,,,,,,,,,,,,,,,,,,,,,,,,
,,-1210000,3.26147089721413,3.3437754239631,,,,,,,,,,,,,,,,,,,,,,,,,,,,,,,,,,,,,,,,,
,,-1200000,3.26147089721413,3.3437754239631,,,,,,,,,,,,,,,,,,,,,,,,,,,,,,,,,,,,,,,,,
,,-1190000,3.26147089721413,3.3437754239631,,,,,,,,,,,,,,,,,,,,,,,,,,,,,,,,,,,,,,,,,
,,-1180000,3.26147089721413,3.3437754239631,,,,,,,,,,,,,,,,,,,,,,,,,,,,,,,,,,,,,,,,,
,,-1170000,3.26147089721413,3.3437754239631,,,,,,,,,,,,,,,,,,,,,,,,,,,,,,,,,,,,,,,,,
,,-1160000,3.26147089721413,3.3437754239631,,,,,,,,,,,,,,,,,,,,,,,,,,,,,,,,,,,,,,,,,
,,-1150000,3.26147089721413,3.3437754239631,,,,,,,,,,,,,,,,,,,,,,,,,,,,,,,,,,,,,,,,,
,,-1140000,3.26147089721413,3.3437754239631,,,,,,,,,,,,,,,,,,,,,,,,,,,,,,,,,,,,,,,,,
,,-1130000,3.26147089721413,3.3437754239631,,,,,,,,,,,,,,,,,,,,,,,,,,,,,,,,,,,,,,,,,
,,-1120000,3.26147089721413,3.3437754239631,,,,,,,,,,,,,,,,,,,,,,,,,,,,,,,,,,,,,,,,,
,,-1110000,3.26147089721413,3.3437754239631,,,,,,,,,,,,,,,,,,,,,,,,,,,,,,,,,,,,,,,,,
,,-1100000,3.26147089721413,3.3437754239631,,,,,,,,,,,,,,,,,,,,,,,,,,,,,,,,,,,,,,,,,
,,-1090000,3.26147089721413,3.3437754239631,,,,,,,,,,,,,,,,,,,,,,,,,,,,,,,,,,,,,,,,,
,,-1080000,3.17916637046516,3.3437754239631,,,,,,,,,,,,,,,,,,,,,,,,,,,,,,,,,,,,,,,,,
,,-1070000,3.26147089721413,3.3437754239631,,,,,,,,,,,,,,,,,,,,,,,,,,,,,,,,,,,,,,,,,
,,-1060000,3.26147089721413,3.3437754239631,,,,,,,,,,,,,,,,,,,,,,,,,,,,,,,,,,,,,,,,,
,,-1050000,3.26147089721413,3.3437754239631,,,,,,,,,,,,,,,,,,,,,,,,,,,,,,,,,,,,,,,,,
,,-1040000,3.26147089721413,3.3437754239631,,,,,,,,,,,,,,,,,,,,,,,,,,,,,,,,,,,,,,,,,
,,-1030000,3.26147089721413,3.3437754239631,,,,,,,,,,,,,,,,,,,,,,,,,,,,,,,,,,,,,,,,,
,,-1020000,3.26147089721413,3.3437754239631,,,,,,,,,,,,,,,,,,,,,,,,,,,,,,,,,,,,,,,,,
,,-1010000,3.26147089721413,3.3437754239631,,,,,,,,,,,,,,,,,,,,,,,,,,,,,,,,,,,,,,,,,
,,-1000000,3.26147089721413,3.3437754239631,,,,,,,,,,,,,,,,,,,,,,,,,,,,,,,,,,,,,,,,,
,,-990000,3.26147089721413,3.3437754239631,,,,,,,,,,,,,,,,,,,,,,,,,,,,,,,,,,,,,,,,,
,,-980000,3.26147089721413,3.3437754239631,,,,,,,,,,,,,,,,,,,,,,,,,,,,,,,,,,,,,,,,,
,,-970000,3.26147089721413,3.3437754239631,,,,,,,,,,,,,,,,,,,,,,,,,,,,,,,,,,,,,,,,,
,,-960000,3.26147089721413,3.3437754239631,,,,,,,,,,,,,,,,,,,,,,,,,,,,,,,,,,,,,,,,,
,,-950000,3.26147089721413,3.3437754239631,,,,,,,,,,,,,,,,,,,,,,,,,,,,,,,,,,,,,,,,,
,,-940000,3.26147089721413,3.3437754239631,,,,,,,,,,,,,,,,,,,,,,,,,,,,,,,,,,,,,,,,,
,,-930000,3.26147089721413,3.3437754239631,,,,,,,,,,,,,,,,,,,,,,,,,,,,,,,,,,,,,,,,,
,,-920000,3.26147089721413,3.3437754239631,,,,,,,,,,,,,,,,,,,,,,,,,,,,,,,,,,,,,,,,,
,,-910000,-0.0307101727447208,3.3437754239631,,,,,,,,,,,,,,,,,,,,,,,,,,,,,,,,,,,,,,,,,
,,-900000,-0.0307101727447208,0.0515943540042503,,,,,,,,,,,,,,,,,,,,,,,,,,,,,,,,,,,,,,,,,
,,-890000,-0.0307101727447208,0.0515943540042503,,,,,,,,,,,,,,,,,,,,,,,,,,,,,,,,,,,,,,,,,
,,-880000,-0.0307101727447208,0.0515943540042503,,,,,,,,,,,,,,,,,,,,,,,,,,,,,,,,,,,,,,,,,
,,-870000,-0.0307101727447208,0.0515943540042503,,,,,,,,,,,,,,,,,,,,,,,,,,,,,,,,,,,,,,,,,
,,-860000,-0.0307101727447208,0.133898880753222,,,,,,,,,,,,,,,,,,,,,,,,,,,,,,,,,,,,,,,,,
,,-850000,-0.0307101727447208,0.0515943540042503,,,,,,,,,,,,,,,,,,,,,,,,,,,,,,,,,,,,,,,,,
,,-840000,-0.0307101727447208,0.0515943540042503,,,,,,,,,,,,,,,,,,,,,,,,,,,,,,,,,,,,,,,,,
,,-830000,-0.0307101727447208,0.0515943540042503,,,,,,,,,,,,,,,,,,,,,,,,,,,,,,,,,,,,,,,,,
,,-820000,-0.0307101727447208,0.0515943540042503,,,,,,,,,,,,,,,,,,,,,,,,,,,,,,,,,,,,,,,,,
,,-810000,-0.0307101727447208,0.0515943540042503,,,,,,,,,,,,,,,,,,,,,,,,,,,,,,,,,,,,,,,,,
,,-800000,-0.0307101727447208,0.0515943540042503,,,,,,,,,,,,,,,,,,,,,,,,,,,,,,,,,,,,,,,,,
,,-790000,-0.0307101727447208,0.0515943540042503,,,,,,,,,,,,,,,,,,,,,,,,,,,,,,,,,,,,,,,,,
,,-780000,-0.0307101727447208,0.0515943540042503,,,,,,,,,,,,,,,,,,,,,,,,,,,,,,,,,,,,,,,,,
,,-770000,-0.0307101727447208,0.0515943540042503,,,,,,,,,,,,,,,,,,,,,,,,,,,,,,,,,,,,,,,,,
,,-760000,-0.0307101727447208,0.0515943540042503,,,,,,,,,,,,,,,,,,,,,,,,,,,,,,,,,,,,,,,,,
,,-750000,-0.0307101727447208,0.0515943540042503,,,,,,,,,,,,,,,,,,,,,,,,,,,,,,,,,,,,,,,,,
,,-740000,-0.0307101727447208,0.0515943540042503,,,,,,,,,,,,,,,,,,,,,,,,,,,,,,,,,,,,,,,,,
,,-730000,-0.0307101727447208,0.0515943540042503,,,,,,,,,,,,,,,,,,,,,,,,,,,,,,,,,,,,,,,,,
,,-720000,-0.0307101727447208,0.0515943540042503,,,,,,,,,,,,,,,,,,,,,,,,,,,,,,,,,,,,,,,,,
,,-710000,-0.0307101727447208,0.0515943540042503,,,,,,,,,,,,,,,,,,,,,,,,,,,,,,,,,,,,,,,,,
,,-700000,-0.0307101727447208,0.0515943540042503,,,,,,,,,,,,,,,,,,,,,,,,,,,,,,,,,,,,,,,,,
,,-690000,-0.0307101727447208,0.0515943540042503,,,,,,,,,,,,,,,,,,,,,,,,,,,,,,,,,,,,,,,,,
,,-680000,-0.0307101727447208,0.0515943540042503,,,,,,,,,,,,,,,,,,,,,,,,,,,,,,,,,,,,,,,,,
,,-670000,-0.0307101727447208,0.0515943540042503,,,,,,,,,,,,,,,,,,,,,,,,,,,,,,,,,,,,,,,,,
,,-660000,-0.0307101727447208,0.0515943540042503,,,,,,,,,,,,,,,,,,,,,,,,,,,,,,,,,,,,,,,,,
,,-650000,-0.0307101727447208,0.0515943540042503,,,,,,,,,,,,,,,,,,,,,,,,,,,,,,,,,,,,,,,,,
,,-640000,-0.0307101727447208,0.0515943540042503,,,,,,,,,,,,,,,,,,,,,,,,,,,,,,,,,,,,,,,,,
,,-630000,-0.0307101727447208,0.0515943540042503,,,,,,,,,,,,,,,,,,,,,,,,,,,,,,,,,,,,,,,,,
,,-620000,-0.0307101727447208,0.0515943540042503,,,,,,,,,,,,,,,,,,,,,,,,,,,,,,,,,,,,,,,,,
,,-610000,-0.0307101727447208,0.0515943540042503,,,,,,,,,,,,,,,,,,,,,,,,,,,,,,,,,,,,,,,,,
,,-600000,-0.0307101727447208,0.0515943540042503,,,,,,,,,,,,,,,,,,,,,,,,,,,,,,,,,,,,,,,,,
,,-590000,-0.0307101727447208,0.0515943540042503,,,,,,,,,,,,,,,,,,,,,,,,,,,,,,,,,,,,,,,,,
,,-580000,-0.0307101727447208,0.133898880753222,,,,,,,,,,,,,,,,,,,,,,,,,,,,,,,,,,,,,,,,,
,,-570000,-0.0307101727447208,0.0515943540042503,,,,,,,,,,,,,,,,,,,,,,,,,,,,,,,,,,,,,,,,,
,,-560000,-0.0307101727447208,0.0515943540042503,,,,,,,,,,,,,,,,,,,,,,,,,,,,,,,,,,,,,,,,,
,,-550000,-0.0307101727447208,0.0515943540042503,,,,,,,,,,,,,,,,,,,,,,,,,,,,,,,,,,,,,,,,,
,,-540000,-0.0307101727447208,0.0515943540042503,,,,,,,,,,,,,,,,,,,,,,,,,,,,,,,,,,,,,,,,,
,,-530000,-0.0307101727447208,0.133898880753222,,,,,,,,,,,,,,,,,,,,,,,,,,,,,,,,,,,,,,,,,
,,-520000,-0.0307101727447208,0.0515943540042503,,,,,,,,,,,,,,,,,,,,,,,,,,,,,,,,,,,,,,,,,
,,-510000,-0.0307101727447208,0.0515943540042503,,,,,,,,,,,,,,,,,,,,,,,,,,,,,,,,,,,,,,,,,
,,-500000,-0.0307101727447208,0.133898880753222,,,,,,,,,,,,,,,,,,,,,,,,,,,,,,,,,,,,,,,,,
,,-490000,-0.0307101727447208,0.0515943540042503,,,,,,,,,,,,,,,,,,,,,,,,,,,,,,,,,,,,,,,,,
,,-480000,-0.0307101727447208,0.0515943540042503,,,,,,,,,,,,,,,,,,,,,,,,,,,,,,,,,,,,,,,,,
,,-470000,-0.0307101727447208,0.133898880753222,,,,,,,,,,,,,,,,,,,,,,,,,,,,,,,,,,,,,,,,,
,,-460000,-0.0307101727447208,0.0515943540042503,,,,,,,,,,,,,,,,,,,,,,,,,,,,,,,,,,,,,,,,,
,,-450000,-0.0307101727447208,0.0515943540042503,,,,,,,,,,,,,,,,,,,,,,,,,,,,,,,,,,,,,,,,,
,,-440000,-0.0307101727447208,0.0515943540042503,,,,,,,,,,,,,,,,,,,,,,,,,,,,,,,,,,,,,,,,,
,,-430000,-0.0307101727447208,0.0515943540042503,,,,,,,,,,,,,,,,,,,,,,,,,,,,,,,,,,,,,,,,,
,,-420000,-0.0307101727447208,0.0515943540042503,,,,,,,,,,,,,,,,,,,,,,,,,,,,,,,,,,,,,,,,,
,,-410000,-0.0307101727447208,0.133898880753222,,,,,,,,,,,,,,,,,,,,,,,,,,,,,,,,,,,,,,,,,
,,-400000,-0.0307101727447208,0.0515943540042503,,,,,,,,,,,,,,,,,,,,,,,,,,,,,,,,,,,,,,,,,
,,-390000,-0.0307101727447208,0.0515943540042503,,,,,,,,,,,,,,,,,,,,,,,,,,,,,,,,,,,,,,,,,
,,-380000,-0.0307101727447208,0.0515943540042503,,,,,,,,,,,,,,,,,,,,,,,,,,,,,,,,,,,,,,,,,
,,-370000,-0.0307101727447208,0.0515943540042503,,,,,,,,,,,,,,,,,,,,,,,,,,,,,,,,,,,,,,,,,
,,-360000,-0.0307101727447208,0.0515943540042503,,,,,,,,,,,,,,,,,,,,,,,,,,,,,,,,,,,,,,,,,
,,-350000,-0.0307101727447208,0.0515943540042503,,,,,,,,,,,,,,,,,,,,,,,,,,,,,,,,,,,,,,,,,
,,-340000,-0.0307101727447208,0.0515943540042503,,,,,,,,,,,,,,,,,,,,,,,,,,,,,,,,,,,,,,,,,
,,-330000,-0.0307101727447208,0.0515943540042503,,,,,,,,,,,,,,,,,,,,,,,,,,,,,,,,,,,,,,,,,
,,-320000,-0.0307101727447208,0.0515943540042503,,,,,,,,,,,,,,,,,,,,,,,,,,,,,,,,,,,,,,,,,
,,-310000,-0.0307101727447208,3.3437754239631,,,,,,,,,,,,,,,,,,,,,,,,,,,,,,,,,,,,,,,,,
,,-300000,3.26147089721413,3.3437754239631,,,,,,,,,,,,,,,,,,,,,,,,,,,,,,,,,,,,,,,,,
,,-290000,3.26147089721413,3.3437754239631,,,,,,,,,,,,,,,,,,,,,,,,,,,,,,,,,,,,,,,,,
,,-280000,3.26147089721413,3.3437754239631,,,,,,,,,,,,,,,,,,,,,,,,,,,,,,,,,,,,,,,,,
,,-270000,3.26147089721413,3.3437754239631,,,,,,,,,,,,,,,,,,,,,,,,,,,,,,,,,,,,,,,,,
,,-260000,3.26147089721413,3.3437754239631,,,,,,,,,,,,,,,,,,,,,,,,,,,,,,,,,,,,,,,,,
,,-250000,3.26147089721413,3.3437754239631,,,,,,,,,,,,,,,,,,,,,,,,,,,,,,,,,,,,,,,,,
,,-240000,3.26147089721413,3.3437754239631,,,,,,,,,,,,,,,,,,,,,,,,,,,,,,,,,,,,,,,,,
,,-230000,3.26147089721413,3.3437754239631,,,,,,,,,,,,,,,,,,,,,,,,,,,,,,,,,,,,,,,,,
,,-220000,3.26147089721413,3.3437754239631,,,,,,,,,,,,,,,,,,,,,,,,,,,,,,,,,,,,,,,,,
,,-210000,3.26147089721413,3.3437754239631,,,,,,,,,,,,,,,,,,,,,,,,,,,,,,,,,,,,,,,,,
,,-200000,3.26147089721413,3.3437754239631,,,,,,,,,,,,,,,,,,,,,,,,,,,,,,,,,,,,,,,,,
,,-190000,3.26147089721413,3.3437754239631,,,,,,,,,,,,,,,,,,,,,,,,,,,,,,,,,,,,,,,,,
,,-180000,3.26147089721413,3.3437754239631,,,,,,,,,,,,,,,,,,,,,,,,,,,,,,,,,,,,,,,,,
,,-170000,3.26147089721413,3.3437754239631,,,,,,,,,,,,,,,,,,,,,,,,,,,,,,,,,,,,,,,,,
,,-160000,3.26147089721413,3.3437754239631,,,,,,,,,,,,,,,,,,,,,,,,,,,,,,,,,,,,,,,,,
,,-150000,3.26147089721413,3.3437754239631,,,,,,,,,,,,,,,,,,,,,,,,,,,,,,,,,,,,,,,,,
,,-140000,3.26147089721413,3.3437754239631,,,,,,,,,,,,,,,,,,,,,,,,,,,,,,,,,,,,,,,,,
,,-130000,3.26147089721413,3.3437754239631,,,,,,,,,,,,,,,,,,,,,,,,,,,,,,,,,,,,,,,,,
,,-120000,3.26147089721413,3.3437754239631,,,,,,,,,,,,,,,,,,,,,,,,,,,,,,,,,,,,,,,,,
,,-110000,3.26147089721413,3.3437754239631,,,,,,,,,,,,,,,,,,,,,,,,,,,,,,,,,,,,,,,,,
,,-100000,3.26147089721413,3.3437754239631,,,,,,,,,,,,,,,,,,,,,,,,,,,,,,,,,,,,,,,,,
,,-90000,3.26147089721413,3.3437754239631,,,,,,,,,,,,,,,,,,,,,,,,,,,,,,,,,,,,,,,,,
,,-80000,3.26147089721413,3.3437754239631,,,,,,,,,,,,,,,,,,,,,,,,,,,,,,,,,,,,,,,,,
,,-70000,3.26147089721413,3.3437754239631,,,,,,,,,,,,,,,,,,,,,,,,,,,,,,,,,,,,,,,,,
,,-60000,3.26147089721413,3.3437754239631,,,,,,,,,,,,,,,,,,,,,,,,,,,,,,,,,,,,,,,,,
,,-50000,3.26147089721413,3.3437754239631,,,,,,,,,,,,,,,,,,,,,,,,,,,,,,,,,,,,,,,,,
,,-40000,3.26147089721413,3.3437754239631,,,,,,,,,,,,,,,,,,,,,,,,,,,,,,,,,,,,,,,,,
,,-30000,3.26147089721413,3.3437754239631,,,,,,,,,,,,,,,,,,,,,,,,,,,,,,,,,,,,,,,,,
,,-20000,3.26147089721413,3.3437754239631,,,,,,,,,,,,,,,,,,,,,,,,,,,,,,,,,,,,,,,,,
,,-10000,3.26147089721413,3.3437754239631,,,,,,,,,,,,,,,,,,,,,,,,,,,,,,,,,,,,,,,,,
,,0,3.26147089721413,3.3437754239631,,,,,,,,,,,,,,,,,,,,,,,,,,,,,,,,,,,,,,,,,
,,10000,3.26147089721413,3.3437754239631,,,,,,,,,,,,,,,,,,,,,,,,,,,,,,,,,,,,,,,,,
,,20000,3.26147089721413,3.3437754239631,,,,,,,,,,,,,,,,,,,,,,,,,,,,,,,,,,,,,,,,,
,,30000,3.26147089721413,3.3437754239631,,,,,,,,,,,,,,,,,,,,,,,,,,,,,,,,,,,,,,,,,
,,40000,3.26147089721413,3.3437754239631,,,,,,,,,,,,,,,,,,,,,,,,,,,,,,,,,,,,,,,,,
,,50000,3.26147089721413,3.3437754239631,,,,,,,,,,,,,,,,,,,,,,,,,,,,,,,,,,,,,,,,,
,,60000,3.26147089721413,3.3437754239631,,,,,,,,,,,,,,,,,,,,,,,,,,,,,,,,,,,,,,,,,
,,70000,3.26147089721413,3.3437754239631,,,,,,,,,,,,,,,,,,,,,,,,,,,,,,,,,,,,,,,,,
,,80000,3.26147089721413,3.3437754239631,,,,,,,,,,,,,,,,,,,,,,,,,,,,,,,,,,,,,,,,,
,,90000,3.26147089721413,3.3437754239631,,,,,,,,,,,,,,,,,,,,,,,,,,,,,,,,,,,,,,,,,
,,100000,3.26147089721413,3.3437754239631,,,,,,,,,,,,,,,,,,,,,,,,,,,,,,,,,,,,,,,,,
,,110000,3.26147089721413,3.3437754239631,,,,,,,,,,,,,,,,,,,,,,,,,,,,,,,,,,,,,,,,,
,,120000,3.26147089721413,3.3437754239631,,,,,,,,,,,,,,,,,,,,,,,,,,,,,,,,,,,,,,,,,
,,130000,3.26147089721413,3.3437754239631,,,,,,,,,,,,,,,,,,,,,,,,,,,,,,,,,,,,,,,,,
,,140000,3.26147089721413,3.3437754239631,,,,,,,,,,,,,,,,,,,,,,,,,,,,,,,,,,,,,,,,,
,,150000,3.26147089721413,3.3437754239631,,,,,,,,,,,,,,,,,,,,,,,,,,,,,,,,,,,,,,,,,
,,160000,3.26147089721413,3.3437754239631,,,,,,,,,,,,,,,,,,,,,,,,,,,,,,,,,,,,,,,,,
,,170000,3.26147089721413,3.3437754239631,,,,,,,,,,,,,,,,,,,,,,,,,,,,,,,,,,,,,,,,,
,,180000,3.26147089721413,3.3437754239631,,,,,,,,,,,,,,,,,,,,,,,,,,,,,,,,,,,,,,,,,
,,190000,3.26147089721413,3.3437754239631,,,,,,,,,,,,,,,,,,,,,,,,,,,,,,,,,,,,,,,,,
,,200000,3.26147089721413,3.3437754239631,,,,,,,,,,,,,,,,,,,,,,,,,,,,,,,,,,,,,,,,,
,,210000,3.26147089721413,3.3437754239631,,,,,,,,,,,,,,,,,,,,,,,,,,,,,,,,,,,,,,,,,
,,220000,3.26147089721413,3.3437754239631,,,,,,,,,,,,,,,,,,,,,,,,,,,,,,,,,,,,,,,,,
,,230000,3.26147089721413,3.3437754239631,,,,,,,,,,,,,,,,,,,,,,,,,,,,,,,,,,,,,,,,,
,,240000,3.26147089721413,3.3437754239631,,,,,,,,,,,,,,,,,,,,,,,,,,,,,,,,,,,,,,,,,
,,250000,3.26147089721413,3.3437754239631,,,,,,,,,,,,,,,,,,,,,,,,,,,,,,,,,,,,,,,,,
,,260000,3.26147089721413,3.3437754239631,,,,,,,,,,,,,,,,,,,,,,,,,,,,,,,,,,,,,,,,,
,,270000,3.26147089721413,3.3437754239631,,,,,,,,,,,,,,,,,,,,,,,,,,,,,,,,,,,,,,,,,
,,280000,3.26147089721413,3.3437754239631,,,,,,,,,,,,,,,,,,,,,,,,,,,,,,,,,,,,,,,,,
,,290000,3.26147089721413,3.3437754239631,,,,,,,,,,,,,,,,,,,,,,,,,,,,,,,,,,,,,,,,,
,,300000,3.26147089721413,3.3437754239631,,,,,,,,,,,,,,,,,,,,,,,,,,,,,,,,,,,,,,,,,
,,310000,3.26147089721413,3.3437754239631,,,,,,,,,,,,,,,,,,,,,,,,,,,,,,,,,,,,,,,,,
,,320000,3.26147089721413,3.3437754239631,,,,,,,,,,,,,,,,,,,,,,,,,,,,,,,,,,,,,,,,,
,,330000,3.26147089721413,3.3437754239631,,,,,,,,,,,,,,,,,,,,,,,,,,,,,,,,,,,,,,,,,
,,340000,3.26147089721413,3.3437754239631,,,,,,,,,,,,,,,,,,,,,,,,,,,,,,,,,,,,,,,,,
,,350000,3.26147089721413,3.3437754239631,,,,,,,,,,,,,,,,,,,,,,,,,,,,,,,,,,,,,,,,,
,,360000,3.26147089721413,3.3437754239631,,,,,,,,,,,,,,,,,,,,,,,,,,,,,,,,,,,,,,,,,
,,370000,3.26147089721413,3.3437754239631,,,,,,,,,,,,,,,,,,,,,,,,,,,,,,,,,,,,,,,,,
,,380000,3.26147089721413,3.3437754239631,,,,,,,,,,,,,,,,,,,,,,,,,,,,,,,,,,,,,,,,,
,,390000,3.26147089721413,3.3437754239631,,,,,,,,,,,,,,,,,,,,,,,,,,,,,,,,,,,,,,,,,
,,400000,3.26147089721413,3.3437754239631,,,,,,,,,,,,,,,,,,,,,,,,,,,,,,,,,,,,,,,,,
,,410000,3.26147089721413,3.3437754239631,,,,,,,,,,,,,,,,,,,,,,,,,,,,,,,,,,,,,,,,,
,,420000,3.26147089721413,3.3437754239631,,,,,,,,,,,,,,,,,,,,,,,,,,,,,,,,,,,,,,,,,
,,430000,3.26147089721413,3.3437754239631,,,,,,,,,,,,,,,,,,,,,,,,,,,,,,,,,,,,,,,,,
,,440000,3.26147089721413,3.3437754239631,,,,,,,,,,,,,,,,,,,,,,,,,,,,,,,,,,,,,,,,,
,,450000,-0.0307101727447208,3.3437754239631,,,,,,,,,,,,,,,,,,,,,,,,,,,,,,,,,,,,,,,,,
,,460000,-0.0307101727447208,0.0515943540042503,,,,,,,,,,,,,,,,,,,,,,,,,,,,,,,,,,,,,,,,,
,,470000,-0.0307101727447208,0.133898880753222,,,,,,,,,,,,,,,,,,,,,,,,,,,,,,,,,,,,,,,,,
,,480000,-0.0307101727447208,0.0515943540042503,,,,,,,,,,,,,,,,,,,,,,,,,,,,,,,,,,,,,,,,,
,,490000,-0.0307101727447208,0.0515943540042503,,,,,,,,,,,,,,,,,,,,,,,,,,,,,,,,,,,,,,,,,
,,500000,-0.0307101727447208,0.0515943540042503,,,,,,,,,,,,,,,,,,,,,,,,,,,,,,,,,,,,,,,,,
,,510000,-0.0307101727447208,0.133898880753222,,,,,,,,,,,,,,,,,,,,,,,,,,,,,,,,,,,,,,,,,
,,520000,-0.0307101727447208,0.0515943540042503,,,,,,,,,,,,,,,,,,,,,,,,,,,,,,,,,,,,,,,,,
,,530000,-0.0307101727447208,0.0515943540042503,,,,,,,,,,,,,,,,,,,,,,,,,,,,,,,,,,,,,,,,,
,,540000,-0.0307101727447208,0.0515943540042503,,,,,,,,,,,,,,,,,,,,,,,,,,,,,,,,,,,,,,,,,
,,550000,-0.0307101727447208,0.0515943540042503,,,,,,,,,,,,,,,,,,,,,,,,,,,,,,,,,,,,,,,,,
,,560000,-0.0307101727447208,0.133898880753222,,,,,,,,,,,,,,,,,,,,,,,,,,,,,,,,,,,,,,,,,
,,570000,-0.0307101727447208,0.0515943540042503,,,,,,,,,,,,,,,,,,,,,,,,,,,,,,,,,,,,,,,,,
,,580000,-0.0307101727447208,0.133898880753222,,,,,,,,,,,,,,,,,,,,,,,,,,,,,,,,,,,,,,,,,
,,590000,-0.0307101727447208,0.0515943540042503,,,,,,,,,,,,,,,,,,,,,,,,,,,,,,,,,,,,,,,,,
,,600000,-0.0307101727447208,0.0515943540042503,,,,,,,,,,,,,,,,,,,,,,,,,,,,,,,,,,,,,,,,,
,,610000,-0.0307101727447208,0.133898880753222,,,,,,,,,,,,,,,,,,,,,,,,,,,,,,,,,,,,,,,,,
,,620000,-0.0307101727447208,0.133898880753222,,,,,,,,,,,,,,,,,,,,,,,,,,,,,,,,,,,,,,,,,
,,630000,-0.0307101727447208,0.0515943540042503,,,,,,,,,,,,,,,,,,,,,,,,,,,,,,,,,,,,,,,,,
,,640000,-0.0307101727447208,0.0515943540042503,,,,,,,,,,,,,,,,,,,,,,,,,,,,,,,,,,,,,,,,,
,,650000,-0.0307101727447208,0.0515943540042503,,,,,,,,,,,,,,,,,,,,,,,,,,,,,,,,,,,,,,,,,
,,660000,-0.0307101727447208,0.133898880753222,,,,,,,,,,,,,,,,,,,,,,,,,,,,,,,,,,,,,,,,,
,,670000,-0.0307101727447208,0.0515943540042503,,,,,,,,,,,,,,,,,,,,,,,,,,,,,,,,,,,,,,,,,
,,680000,-0.0307101727447208,0.0515943540042503,,,,,,,,,,,,,,,,,,,,,,,,,,,,,,,,,,,,,,,,,
,,690000,-0.0307101727447208,0.133898880753222,,,,,,,,,,,,,,,,,,,,,,,,,,,,,,,,,,,,,,,,,
,,700000,-0.0307101727447208,0.0515943540042503,,,,,,,,,,,,,,,,,,,,,,,,,,,,,,,,,,,,,,,,,
,,710000,-0.0307101727447208,0.133898880753222,,,,,,,,,,,,,,,,,,,,,,,,,,,,,,,,,,,,,,,,,
,,720000,-0.0307101727447208,0.133898880753222,,,,,,,,,,,,,,,,,,,,,,,,,,,,,,,,,,,,,,,,,
,,730000,-0.0307101727447208,0.133898880753222,,,,,,,,,,,,,,,,,,,,,,,,,,,,,,,,,,,,,,,,,
,,740000,-0.0307101727447208,0.133898880753222,,,,,,,,,,,,,,,,,,,,,,,,,,,,,,,,,,,,,,,,,
,,750000,-0.0307101727447208,0.0515943540042503,,,,,,,,,,,,,,,,,,,,,,,,,,,,,,,,,,,,,,,,,
,,760000,-0.0307101727447208,0.133898880753222,,,,,,,,,,,,,,,,,,,,,,,,,,,,,,,,,,,,,,,,,
,,770000,-0.0307101727447208,0.0515943540042503,,,,,,,,,,,,,,,,,,,,,,,,,,,,,,,,,,,,,,,,,
,,780000,-0.0307101727447208,0.0515943540042503,,,,,,,,,,,,,,,,,,,,,,,,,,,,,,,,,,,,,,,,,
,,790000,-0.0307101727447208,0.133898880753222,,,,,,,,,,,,,,,,,,,,,,,,,,,,,,,,,,,,,,,,,
,,800000,-0.0307101727447208,0.133898880753222,,,,,,,,,,,,,,,,,,,,,,,,,,,,,,,,,,,,,,,,,
,,810000,-0.0307101727447208,0.0515943540042503,,,,,,,,,,,,,,,,,,,,,,,,,,,,,,,,,,,,,,,,,
,,820000,-0.0307101727447208,0.0515943540042503,,,,,,,,,,,,,,,,,,,,,,,,,,,,,,,,,,,,,,,,,
,,830000,-0.0307101727447208,0.133898880753222,,,,,,,,,,,,,,,,,,,,,,,,,,,,,,,,,,,,,,,,,
,,840000,-0.0307101727447208,0.133898880753222,,,,,,,,,,,,,,,,,,,,,,,,,,,,,,,,,,,,,,,,,
,,850000,-0.0307101727447208,0.0515943540042503,,,,,,,,,,,,,,,,,,,,,,,,,,,,,,,,,,,,,,,,,
,,860000,-0.0307101727447208,0.133898880753222,,,,,,,,,,,,,,,,,,,,,,,,,,,,,,,,,,,,,,,,,
,,870000,-0.0307101727447208,0.0515943540042503,,,,,,,,,,,,,,,,,,,,,,,,,,,,,,,,,,,,,,,,,
,,880000,-0.0307101727447208,0.0515943540042503,,,,,,,,,,,,,,,,,,,,,,,,,,,,,,,,,,,,,,,,,
,,890000,-0.0307101727447208,0.0515943540042503,,,,,,,,,,,,,,,,,,,,,,,,,,,,,,,,,,,,,,,,,
,,900000,-0.0307101727447208,0.0515943540042503,,,,,,,,,,,,,,,,,,,,,,,,,,,,,,,,,,,,,,,,,
,,910000,-0.0307101727447208,0.133898880753222,,,,,,,,,,,,,,,,,,,,,,,,,,,,,,,,,,,,,,,,,
,,920000,-0.0307101727447208,0.133898880753222,,,,,,,,,,,,,,,,,,,,,,,,,,,,,,,,,,,,,,,,,
,,930000,-0.0307101727447208,0.0515943540042503,,,,,,,,,,,,,,,,,,,,,,,,,,,,,,,,,,,,,,,,,
,,940000,-0.0307101727447208,0.0515943540042503,,,,,,,,,,,,,,,,,,,,,,,,,,,,,,,,,,,,,,,,,
,,950000,-0.0307101727447208,0.0515943540042503,,,,,,,,,,,,,,,,,,,,,,,,,,,,,,,,,,,,,,,,,
,,960000,-0.0307101727447208,0.0515943540042503,,,,,,,,,,,,,,,,,,,,,,,,,,,,,,,,,,,,,,,,,
,,970000,-0.0307101727447208,0.0515943540042503,,,,,,,,,,,,,,,,,,,,,,,,,,,,,,,,,,,,,,,,,
,,980000,-0.0307101727447208,0.0515943540042503,,,,,,,,,,,,,,,,,,,,,,,,,,,,,,,,,,,,,,,,,
,,990000,-0.0307101727447208,0.133898880753222,,,,,,,,,,,,,,,,,,,,,,,,,,,,,,,,,,,,,,,,,
,,1000000,-0.0307101727447208,0.0515943540042503,,,,,,,,,,,,,,,,,,,,,,,,,,,,,,,,,,,,,,,,,
,,1010000,-0.0307101727447208,0.133898880753222,,,,,,,,,,,,,,,,,,,,,,,,,,,,,,,,,,,,,,,,,
,,1020000,-0.0307101727447208,0.133898880753222,,,,,,,,,,,,,,,,,,,,,,,,,,,,,,,,,,,,,,,,,
,,1030000,-0.0307101727447208,0.133898880753222,,,,,,,,,,,,,,,,,,,,,,,,,,,,,,,,,,,,,,,,,
,,1040000,-0.0307101727447208,0.133898880753222,,,,,,,,,,,,,,,,,,,,,,,,,,,,,,,,,,,,,,,,,
,,1050000,-0.0307101727447208,0.133898880753222,,,,,,,,,,,,,,,,,,,,,,,,,,,,,,,,,,,,,,,,,
,,1060000,-0.0307101727447208,3.3437754239631,,,,,,,,,,,,,,,,,,,,,,,,,,,,,,,,,,,,,,,,,
,,1070000,3.26147089721413,3.3437754239631,,,,,,,,,,,,,,,,,,,,,,,,,,,,,,,,,,,,,,,,,
,,1080000,3.26147089721413,3.3437754239631,,,,,,,,,,,,,,,,,,,,,,,,,,,,,,,,,,,,,,,,,
,,1090000,3.26147089721413,3.3437754239631,,,,,,,,,,,,,,,,,,,,,,,,,,,,,,,,,,,,,,,,,
,,1100000,3.26147089721413,3.3437754239631,,,,,,,,,,,,,,,,,,,,,,,,,,,,,,,,,,,,,,,,,
,,1110000,3.26147089721413,3.3437754239631,,,,,,,,,,,,,,,,,,,,,,,,,,,,,,,,,,,,,,,,,
,,1120000,3.26147089721413,3.3437754239631,,,,,,,,,,,,,,,,,,,,,,,,,,,,,,,,,,,,,,,,,
,,1130000,3.26147089721413,3.3437754239631,,,,,,,,,,,,,,,,,,,,,,,,,,,,,,,,,,,,,,,,,
,,1140000,3.26147089721413,3.3437754239631,,,,,,,,,,,,,,,,,,,,,,,,,,,,,,,,,,,,,,,,,
,,1150000,3.26147089721413,3.3437754239631,,,,,,,,,,,,,,,,,,,,,,,,,,,,,,,,,,,,,,,,,
,,1160000,3.26147089721413,3.3437754239631,,,,,,,,,,,,,,,,,,,,,,,,,,,,,,,,,,,,,,,,,
,,1170000,3.26147089721413,3.3437754239631,,,,,,,,,,,,,,,,,,,,,,,,,,,,,,,,,,,,,,,,,
,,1180000,3.26147089721413,3.3437754239631,,,,,,,,,,,,,,,,,,,,,,,,,,,,,,,,,,,,,,,,,
,,1190000,3.17916637046516,3.3437754239631,,,,,,,,,,,,,,,,,,,,,,,,,,,,,,,,,,,,,,,,,
,,1200000,3.26147089721413,3.3437754239631,,,,,,,,,,,,,,,,,,,,,,,,,,,,,,,,,,,,,,,,,
,,1210000,3.26147089721413,3.3437754239631,,,,,,,,,,,,,,,,,,,,,,,,,,,,,,,,,,,,,,,,,
,,1220000,3.26147089721413,3.3437754239631,,,,,,,,,,,,,,,,,,,,,,,,,,,,,,,,,,,,,,,,,
,,1230000,3.26147089721413,3.3437754239631,,,,,,,,,,,,,,,,,,,,,,,,,,,,,,,,,,,,,,,,,
,,1240000,3.26147089721413,3.3437754239631,,,,,,,,,,,,,,,,,,,,,,,,,,,,,,,,,,,,,,,,,
,,1250000,3.26147089721413,3.3437754239631,,,,,,,,,,,,,,,,,,,,,,,,,,,,,,,,,,,,,,,,,
,,1260000,3.26147089721413,3.3437754239631,,,,,,,,,,,,,,,,,,,,,,,,,,,,,,,,,,,,,,,,,
,,1270000,3.26147089721413,3.3437754239631,,,,,,,,,,,,,,,,,,,,,,,,,,,,,,,,,,,,,,,,,
,,1280000,3.26147089721413,3.3437754239631,,,,,,,,,,,,,,,,,,,,,,,,,,,,,,,,,,,,,,,,,
,,1290000,3.26147089721413,3.3437754239631,,,,,,,,,,,,,,,,,,,,,,,,,,,,,,,,,,,,,,,,,
,,1300000,3.26147089721413,3.3437754239631,,,,,,,,,,,,,,,,,,,,,,,,,,,,,,,,,,,,,,,,,
,,1310000,3.26147089721413,3.3437754239631,,,,,,,,,,,,,,,,,,,,,,,,,,,,,,,,,,,,,,,,,
,,1320000,3.26147089721413,3.3437754239631,,,,,,,,,,,,,,,,,,,,,,,,,,,,,,,,,,,,,,,,,
,,1330000,3.26147089721413,3.42607995071207,,,,,,,,,,,,,,,,,,,,,,,,,,,,,,,,,,,,,,,,,
,,1340000,3.26147089721413,3.3437754239631,,,,,,,,,,,,,,,,,,,,,,,,,,,,,,,,,,,,,,,,,
,,1350000,3.26147089721413,3.3437754239631,,,,,,,,,,,,,,,,,,,,,,,,,,,,,,,,,,,,,,,,,
,,1360000,3.26147089721413,3.3437754239631,,,,,,,,,,,,,,,,,,,,,,,,,,,,,,,,,,,,,,,,,
,,1370000,3.26147089721413,3.3437754239631,,,,,,,,,,,,,,,,,,,,,,,,,,,,,,,,,,,,,,,,,
,,1380000,3.26147089721413,3.3437754239631,,,,,,,,,,,,,,,,,,,,,,,,,,,,,,,,,,,,,,,,,
,,1390000,3.26147089721413,3.3437754239631,,,,,,,,,,,,,,,,,,,,,,,,,,,,,,,,,,,,,,,,,
,,1400000,3.26147089721413,3.3437754239631,,,,,,,,,,,,,,,,,,,,,,,,,,,,,,,,,,,,,,,,,
,,1410000,3.26147089721413,3.3437754239631,,,,,,,,,,,,,,,,,,,,,,,,,,,,,,,,,,,,,,,,,
,,1420000,3.26147089721413,3.3437754239631,,,,,,,,,,,,,,,,,,,,,,,,,,,,,,,,,,,,,,,,,
,,1430000,3.26147089721413,3.3437754239631,,,,,,,,,,,,,,,,,,,,,,,,,,,,,,,,,,,,,,,,,
,,1440000,3.26147089721413,3.3437754239631,,,,,,,,,,,,,,,,,,,,,,,,,,,,,,,,,,,,,,,,,
,,1450000,3.26147089721413,3.3437754239631,,,,,,,,,,,,,,,,,,,,,,,,,,,,,,,,,,,,,,,,,
,,1460000,3.26147089721413,3.3437754239631,,,,,,,,,,,,,,,,,,,,,,,,,,,,,,,,,,,,,,,,,
,,1470000,3.26147089721413,3.3437754239631,,,,,,,,,,,,,,,,,,,,,,,,,,,,,,,,,,,,,,,,,
,,1480000,3.26147089721413,3.3437754239631,,,,,,,,,,,,,,,,,,,,,,,,,,,,,,,,,,,,,,,,,
,,1490000,3.26147089721413,3.3437754239631,,,,,,,,,,,,,,,,,,,,,,,,,,,,,,,,,,,,,,,,,
,,1500000,3.26147089721413,3.3437754239631,,,,,,,,,,,,,,,,,,,,,,,,,,,,,,,,,,,,,,,,,
,,1510000,3.26147089721413,3.3437754239631,,,,,,,,,,,,,,,,,,,,,,,,,,,,,,,,,,,,,,,,,
,,1520000,3.26147089721413,3.3437754239631,,,,,,,,,,,,,,,,,,,,,,,,,,,,,,,,,,,,,,,,,
,,1530000,3.26147089721413,3.3437754239631,,,,,,,,,,,,,,,,,,,,,,,,,,,,,,,,,,,,,,,,,
,,1540000,3.26147089721413,3.3437754239631,,,,,,,,,,,,,,,,,,,,,,,,,,,,,,,,,,,,,,,,,
,,1550000,3.26147089721413,3.3437754239631,,,,,,,,,,,,,,,,,,,,,,,,,,,,,,,,,,,,,,,,,
,,1560000,3.26147089721413,3.3437754239631,,,,,,,,,,,,,,,,,,,,,,,,,,,,,,,,,,,,,,,,,
,,1570000,3.26147089721413,3.3437754239631,,,,,,,,,,,,,,,,,,,,,,,,,,,,,,,,,,,,,,,,,
,,1580000,3.26147089721413,3.3437754239631,,,,,,,,,,,,,,,,,,,,,,,,,,,,,,,,,,,,,,,,,
,,1590000,3.26147089721413,3.3437754239631,,,,,,,,,,,,,,,,,,,,,,,,,,,,,,,,,,,,,,,,,
,,1600000,3.26147089721413,3.3437754239631,,,,,,,,,,,,,,,,,,,,,,,,,,,,,,,,,,,,,,,,,
,,1610000,3.26147089721413,3.3437754239631,,,,,,,,,,,,,,,,,,,,,,,,,,,,,,,,,,,,,,,,,
,,1620000,3.26147089721413,3.3437754239631,,,,,,,,,,,,,,,,,,,,,,,,,,,,,,,,,,,,,,,,,
,,1630000,3.26147089721413,3.3437754239631,,,,,,,,,,,,,,,,,,,,,,,,,,,,,,,,,,,,,,,,,
,,1640000,3.26147089721413,3.3437754239631,,,,,,,,,,,,,,,,,,,,,,,,,,,,,,,,,,,,,,,,,
,,1650000,3.26147089721413,3.3437754239631,,,,,,,,,,,,,,,,,,,,,,,,,,,,,,,,,,,,,,,,,
,,1660000,3.26147089721413,3.3437754239631,,,,,,,,,,,,,,,,,,,,,,,,,,,,,,,,,,,,,,,,,
,,1670000,3.26147089721413,3.3437754239631,,,,,,,,,,,,,,,,,,,,,,,,,,,,,,,,,,,,,,,,,
,,1680000,3.26147089721413,3.3437754239631,,,,,,,,,,,,,,,,,,,,,,,,,,,,,,,,,,,,,,,,,
,,1690000,3.26147089721413,3.3437754239631,,,,,,,,,,,,,,,,,,,,,,,,,,,,,,,,,,,,,,,,,
,,1700000,3.26147089721413,3.3437754239631,,,,,,,,,,,,,,,,,,,,,,,,,,,,,,,,,,,,,,,,,
,,1710000,3.26147089721413,3.3437754239631,,,,,,,,,,,,,,,,,,,,,,,,,,,,,,,,,,,,,,,,,
,,1720000,3.26147089721413,3.3437754239631,,,,,,,,,,,,,,,,,,,,,,,,,,,,,,,,,,,,,,,,,
,,1730000,3.26147089721413,3.3437754239631,,,,,,,,,,,,,,,,,,,,,,,,,,,,,,,,,,,,,,,,,
,,1740000,3.26147089721413,3.3437754239631,,,,,,,,,,,,,,,,,,,,,,,,,,,,,,,,,,,,,,,,,
,,1750000,3.26147089721413,3.3437754239631,,,,,,,,,,,,,,,,,,,,,,,,,,,,,,,,,,,,,,,,,
,,1760000,3.26147089721413,3.3437754239631,,,,,,,,,,,,,,,,,,,,,,,,,,,,,,,,,,,,,,,,,
,,1770000,3.26147089721413,3.3437754239631,,,,,,,,,,,,,,,,,,,,,,,,,,,,,,,,,,,,,,,,,
,,1780000,3.26147089721413,3.3437754239631,,,,,,,,,,,,,,,,,,,,,,,,,,,,,,,,,,,,,,,,,
,,1790000,3.26147089721413,3.3437754239631,,,,,,,,,,,,,,,,,,,,,,,,,,,,,,,,,,,,,,,,,
,,1800000,3.17916637046516,3.3437754239631,,,,,,,,,,,,,,,,,,,,,,,,,,,,,,,,,,,,,,,,,
,,1810000,3.26147089721413,3.3437754239631,,,,,,,,,,,,,,,,,,,,,,,,,,,,,,,,,,,,,,,,,
,,1820000,-0.0307101727447208,3.3437754239631,,,,,,,,,,,,,,,,,,,,,,,,,,,,,,,,,,,,,,,,,
,,1830000,-0.0307101727447208,0.133898880753222,,,,,,,,,,,,,,,,,,,,,,,,,,,,,,,,,,,,,,,,,
,,1840000,-0.0307101727447208,0.0515943540042503,,,,,,,,,,,,,,,,,,,,,,,,,,,,,,,,,,,,,,,,,
,,1850000,-0.0307101727447208,0.133898880753222,,,,,,,,,,,,,,,,,,,,,,,,,,,,,,,,,,,,,,,,,
,,1860000,-0.0307101727447208,0.133898880753222,,,,,,,,,,,,,,,,,,,,,,,,,,,,,,,,,,,,,,,,,
,,1870000,-0.0307101727447208,0.0515943540042503,,,,,,,,,,,,,,,,,,,,,,,,,,,,,,,,,,,,,,,,,
,,1880000,-0.0307101727447208,0.133898880753222,,,,,,,,,,,,,,,,,,,,,,,,,,,,,,,,,,,,,,,,,
,,1890000,-0.0307101727447208,0.0515943540042503,,,,,,,,,,,,,,,,,,,,,,,,,,,,,,,,,,,,,,,,,
,,1900000,-0.0307101727447208,0.0515943540042503,,,,,,,,,,,,,,,,,,,,,,,,,,,,,,,,,,,,,,,,,
,,1910000,-0.0307101727447208,0.133898880753222,,,,,,,,,,,,,,,,,,,,,,,,,,,,,,,,,,,,,,,,,
,,1920000,-0.0307101727447208,0.0515943540042503,,,,,,,,,,,,,,,,,,,,,,,,,,,,,,,,,,,,,,,,,
,,1930000,-0.0307101727447208,0.0515943540042503,,,,,,,,,,,,,,,,,,,,,,,,,,,,,,,,,,,,,,,,,
,,1940000,-0.0307101727447208,0.0515943540042503,,,,,,,,,,,,,,,,,,,,,,,,,,,,,,,,,,,,,,,,,
,,1950000,-0.0307101727447208,0.0515943540042503,,,,,,,,,,,,,,,,,,,,,,,,,,,,,,,,,,,,,,,,,
,,1960000,-0.0307101727447208,0.0515943540042503,,,,,,,,,,,,,,,,,,,,,,,,,,,,,,,,,,,,,,,,,
,,1970000,-0.0307101727447208,0.133898880753222,,,,,,,,,,,,,,,,,,,,,,,,,,,,,,,,,,,,,,,,,
,,1980000,-0.0307101727447208,0.0515943540042503,,,,,,,,,,,,,,,,,,,,,,,,,,,,,,,,,,,,,,,,,
,,1990000,-0.0307101727447208,0.0515943540042503,,,,,,,,,,,,,,,,,,,,,,,,,,,,,,,,,,,,,,,,,
,,2000000,-0.0307101727447208,0.0515943540042503,,,,,,,,,,,,,,,,,,,,,,,,,,,,,,,,,,,,,,,,,
,,2010000,-0.0307101727447208,0.0515943540042503,,,,,,,,,,,,,,,,,,,,,,,,,,,,,,,,,,,,,,,,,
,,2020000,-0.0307101727447208,0.0515943540042503,,,,,,,,,,,,,,,,,,,,,,,,,,,,,,,,,,,,,,,,,
,,2030000,-0.0307101727447208,0.0515943540042503,,,,,,,,,,,,,,,,,,,,,,,,,,,,,,,,,,,,,,,,,
,,2040000,-0.0307101727447208,0.0515943540042503,,,,,,,,,,,,,,,,,,,,,,,,,,,,,,,,,,,,,,,,,
,,2050000,-0.0307101727447208,0.0515943540042503,,,,,,,,,,,,,,,,,,,,,,,,,,,,,,,,,,,,,,,,,
,,2060000,-0.0307101727447208,0.0515943540042503,,,,,,,,,,,,,,,,,,,,,,,,,,,,,,,,,,,,,,,,,
,,2070000,-0.0307101727447208,0.133898880753222,,,,,,,,,,,,,,,,,,,,,,,,,,,,,,,,,,,,,,,,,
,,2080000,-0.0307101727447208,0.0515943540042503,,,,,,,,,,,,,,,,,,,,,,,,,,,,,,,,,,,,,,,,,
,,2090000,-0.0307101727447208,0.0515943540042503,,,,,,,,,,,,,,,,,,,,,,,,,,,,,,,,,,,,,,,,,
,,2100000,-0.0307101727447208,0.0515943540042503,,,,,,,,,,,,,,,,,,,,,,,,,,,,,,,,,,,,,,,,,
,,2110000,-0.0307101727447208,0.0515943540042503,,,,,,,,,,,,,,,,,,,,,,,,,,,,,,,,,,,,,,,,,
,,2120000,-0.0307101727447208,0.0515943540042503,,,,,,,,,,,,,,,,,,,,,,,,,,,,,,,,,,,,,,,,,
,,2130000,-0.0307101727447208,0.0515943540042503,,,,,,,,,,,,,,,,,,,,,,,,,,,,,,,,,,,,,,,,,
,,2140000,-0.0307101727447208,0.0515943540042503,,,,,,,,,,,,,,,,,,,,,,,,,,,,,,,,,,,,,,,,,
,,2150000,-0.0307101727447208,0.133898880753222,,,,,,,,,,,,,,,,,,,,,,,,,,,,,,,,,,,,,,,,,
,,2160000,-0.0307101727447208,0.0515943540042503,,,,,,,,,,,,,,,,,,,,,,,,,,,,,,,,,,,,,,,,,
,,2170000,-0.0307101727447208,0.0515943540042503,,,,,,,,,,,,,,,,,,,,,,,,,,,,,,,,,,,,,,,,,
,,2180000,-0.0307101727447208,0.0515943540042503,,,,,,,,,,,,,,,,,,,,,,,,,,,,,,,,,,,,,,,,,
,,2190000,-0.0307101727447208,0.0515943540042503,,,,,,,,,,,,,,,,,,,,,,,,,,,,,,,,,,,,,,,,,
,,2200000,-0.0307101727447208,0.0515943540042503,,,,,,,,,,,,,,,,,,,,,,,,,,,,,,,,,,,,,,,,,
,,2210000,-0.0307101727447208,0.0515943540042503,,,,,,,,,,,,,,,,,,,,,,,,,,,,,,,,,,,,,,,,,
,,2220000,-0.0307101727447208,0.0515943540042503,,,,,,,,,,,,,,,,,,,,,,,,,,,,,,,,,,,,,,,,,
,,2230000,-0.0307101727447208,0.0515943540042503,,,,,,,,,,,,,,,,,,,,,,,,,,,,,,,,,,,,,,,,,
,,2240000,-0.0307101727447208,0.0515943540042503,,,,,,,,,,,,,,,,,,,,,,,,,,,,,,,,,,,,,,,,,
,,2250000,-0.0307101727447208,0.0515943540042503,,,,,,,,,,,,,,,,,,,,,,,,,,,,,,,,,,,,,,,,,
,,2260000,-0.0307101727447208,0.0515943540042503,,,,,,,,,,,,,,,,,,,,,,,,,,,,,,,,,,,,,,,,,
,,2270000,-0.0307101727447208,0.0515943540042503,,,,,,,,,,,,,,,,,,,,,,,,,,,,,,,,,,,,,,,,,
,,2280000,-0.0307101727447208,0.0515943540042503,,,,,,,,,,,,,,,,,,,,,,,,,,,,,,,,,,,,,,,,,
,,2290000,-0.0307101727447208,0.0515943540042503,,,,,,,,,,,,,,,,,,,,,,,,,,,,,,,,,,,,,,,,,
,,2300000,-0.0307101727447208,0.133898880753222,,,,,,,,,,,,,,,,,,,,,,,,,,,,,,,,,,,,,,,,,
,,2310000,-0.0307101727447208,0.133898880753222,,,,,,,,,,,,,,,,,,,,,,,,,,,,,,,,,,,,,,,,,
,,2320000,-0.0307101727447208,0.0515943540042503,,,,,,,,,,,,,,,,,,,,,,,,,,,,,,,,,,,,,,,,,
,,2330000,-0.0307101727447208,0.133898880753222,,,,,,,,,,,,,,,,,,,,,,,,,,,,,,,,,,,,,,,,,
,,2340000,-0.0307101727447208,0.0515943540042503,,,,,,,,,,,,,,,,,,,,,,,,,,,,,,,,,,,,,,,,,
,,2350000,-0.0307101727447208,0.133898880753222,,,,,,,,,,,,,,,,,,,,,,,,,,,,,,,,,,,,,,,,,
,,2360000,-0.0307101727447208,0.0515943540042503,,,,,,,,,,,,,,,,,,,,,,,,,,,,,,,,,,,,,,,,,
,,2370000,-0.0307101727447208,0.0515943540042503,,,,,,,,,,,,,,,,,,,,,,,,,,,,,,,,,,,,,,,,,
,,2380000,-0.0307101727447208,0.0515943540042503,,,,,,,,,,,,,,,,,,,,,,,,,,,,,,,,,,,,,,,,,
,,2390000,-0.0307101727447208,0.133898880753222,,,,,,,,,,,,,,,,,,,,,,,,,,,,,,,,,,,,,,,,,
,,2400000,-0.0307101727447208,0.0515943540042503,,,,,,,,,,,,,,,,,,,,,,,,,,,,,,,,,,,,,,,,,
,,2410000,-0.0307101727447208,0.0515943540042503,,,,,,,,,,,,,,,,,,,,,,,,,,,,,,,,,,,,,,,,,
,,2420000,-0.0307101727447208,3.3437754239631,,,,,,,,,,,,,,,,,,,,,,,,,,,,,,,,,,,,,,,,,
,,2430000,3.26147089721413,3.3437754239631,,,,,,,,,,,,,,,,,,,,,,,,,,,,,,,,,,,,,,,,,
,,2440000,3.26147089721413,3.3437754239631,,,,,,,,,,,,,,,,,,,,,,,,,,,,,,,,,,,,,,,,,
,,2450000,3.26147089721413,3.3437754239631,,,,,,,,,,,,,,,,,,,,,,,,,,,,,,,,,,,,,,,,,
,,2460000,3.26147089721413,3.3437754239631,,,,,,,,,,,,,,,,,,,,,,,,,,,,,,,,,,,,,,,,,
,,2470000,3.26147089721413,3.3437754239631,,,,,,,,,,,,,,,,,,,,,,,,,,,,,,,,,,,,,,,,,
,,2480000,3.26147089721413,3.3437754239631,,,,,,,,,,,,,,,,,,,,,,,,,,,,,,,,,,,,,,,,,
,,2490000,3.26147089721413,3.3437754239631,,,,,,,,,,,,,,,,,,,,,,,,,,,,,,,,,,,,,,,,,
,,2500000,3.26147089721413,3.3437754239631,,,,,,,,,,,,,,,,,,,,,,,,,,,,,,,,,,,,,,,,,
,,2510000,3.26147089721413,3.3437754239631,,,,,,,,,,,,,,,,,,,,,,,,,,,,,,,,,,,,,,,,,
,,2520000,3.26147089721413,3.3437754239631,,,,,,,,,,,,,,,,,,,,,,,,,,,,,,,,,,,,,,,,,
,,2530000,3.26147089721413,3.3437754239631,,,,,,,,,,,,,,,,,,,,,,,,,,,,,,,,,,,,,,,,,
,,2540000,3.26147089721413,3.3437754239631,,,,,,,,,,,,,,,,,,,,,,,,,,,,,,,,,,,,,,,,,
,,2550000,3.26147089721413,3.3437754239631,,,,,,,,,,,,,,,,,,,,,,,,,,,,,,,,,,,,,,,,,
,,2560000,3.26147089721413,3.3437754239631,,,,,,,,,,,,,,,,,,,,,,,,,,,,,,,,,,,,,,,,,
,,2570000,3.26147089721413,3.3437754239631,,,,,,,,,,,,,,,,,,,,,,,,,,,,,,,,,,,,,,,,,
,,2580000,3.26147089721413,3.3437754239631,,,,,,,,,,,,,,,,,,,,,,,,,,,,,,,,,,,,,,,,,
,,2590000,3.26147089721413,3.3437754239631,,,,,,,,,,,,,,,,,,,,,,,,,,,,,,,,,,,,,,,,,
,,2600000,3.26147089721413,3.3437754239631,,,,,,,,,,,,,,,,,,,,,,,,,,,,,,,,,,,,,,,,,
,,2610000,3.26147089721413,3.3437754239631,,,,,,,,,,,,,,,,,,,,,,,,,,,,,,,,,,,,,,,,,
,,2620000,3.26147089721413,3.3437754239631,,,,,,,,,,,,,,,,,,,,,,,,,,,,,,,,,,,,,,,,,
,,2630000,3.26147089721413,3.3437754239631,,,,,,,,,,,,,,,,,,,,,,,,,,,,,,,,,,,,,,,,,
,,2640000,3.26147089721413,3.3437754239631,,,,,,,,,,,,,,,,,,,,,,,,,,,,,,,,,,,,,,,,,
,,2650000,3.26147089721413,3.3437754239631,,,,,,,,,,,,,,,,,,,,,,,,,,,,,,,,,,,,,,,,,
,,2660000,3.17916637046516,3.3437754239631,,,,,,,,,,,,,,,,,,,,,,,,,,,,,,,,,,,,,,,,,
,,2670000,3.26147089721413,3.3437754239631,,,,,,,,,,,,,,,,,,,,,,,,,,,,,,,,,,,,,,,,,
,,2680000,3.26147089721413,3.3437754239631,,,,,,,,,,,,,,,,,,,,,,,,,,,,,,,,,,,,,,,,,
,,2690000,3.26147089721413,3.3437754239631,,,,,,,,,,,,,,,,,,,,,,,,,,,,,,,,,,,,,,,,,
,,2700000,3.26147089721413,3.3437754239631,,,,,,,,,,,,,,,,,,,,,,,,,,,,,,,,,,,,,,,,,
,,2710000,3.26147089721413,3.3437754239631,,,,,,,,,,,,,,,,,,,,,,,,,,,,,,,,,,,,,,,,,
,,2720000,3.26147089721413,3.3437754239631,,,,,,,,,,,,,,,,,,,,,,,,,,,,,,,,,,,,,,,,,
,,2730000,3.26147089721413,3.3437754239631,,,,,,,,,,,,,,,,,,,,,,,,,,,,,,,,,,,,,,,,,
,,2740000,3.26147089721413,3.3437754239631,,,,,,,,,,,,,,,,,,,,,,,,,,,,,,,,,,,,,,,,,
,,2750000,3.26147089721413,3.3437754239631,,,,,,,,,,,,,,,,,,,,,,,,,,,,,,,,,,,,,,,,,
,,2760000,3.26147089721413,3.3437754239631,,,,,,,,,,,,,,,,,,,,,,,,,,,,,,,,,,,,,,,,,
,,2770000,3.26147089721413,3.3437754239631,,,,,,,,,,,,,,,,,,,,,,,,,,,,,,,,,,,,,,,,,
,,2780000,3.26147089721413,3.3437754239631,,,,,,,,,,,,,,,,,,,,,,,,,,,,,,,,,,,,,,,,,
,,2790000,3.26147089721413,3.3437754239631,,,,,,,,,,,,,,,,,,,,,,,,,,,,,,,,,,,,,,,,,
,,2800000,3.26147089721413,3.3437754239631,,,,,,,,,,,,,,,,,,,,,,,,,,,,,,,,,,,,,,,,,
,,2810000,3.26147089721413,3.3437754239631,,,,,,,,,,,,,,,,,,,,,,,,,,,,,,,,,,,,,,,,,
,,2820000,3.26147089721413,3.3437754239631,,,,,,,,,,,,,,,,,,,,,,,,,,,,,,,,,,,,,,,,,
,,2830000,3.26147089721413,3.3437754239631,,,,,,,,,,,,,,,,,,,,,,,,,,,,,,,,,,,,,,,,,
,,2840000,3.26147089721413,3.3437754239631,,,,,,,,,,,,,,,,,,,,,,,,,,,,,,,,,,,,,,,,,
,,2850000,3.26147089721413,3.3437754239631,,,,,,,,,,,,,,,,,,,,,,,,,,,,,,,,,,,,,,,,,
,,2860000,3.26147089721413,3.3437754239631,,,,,,,,,,,,,,,,,,,,,,,,,,,,,,,,,,,,,,,,,
,,2870000,3.26147089721413,3.3437754239631,,,,,,,,,,,,,,,,,,,,,,,,,,,,,,,,,,,,,,,,,
,,2880000,3.26147089721413,3.3437754239631,,,,,,,,,,,,,,,,,,,,,,,,,,,,,,,,,,,,,,,,,
,,2890000,3.26147089721413,3.3437754239631,,,,,,,,,,,,,,,,,,,,,,,,,,,,,,,,,,,,,,,,,
,,2900000,3.26147089721413,3.3437754239631,,,,,,,,,,,,,,,,,,,,,,,,,,,,,,,,,,,,,,,,,
,,2910000,3.26147089721413,3.3437754239631,,,,,,,,,,,,,,,,,,,,,,,,,,,,,,,,,,,,,,,,,
,,2920000,3.26147089721413,3.3437754239631,,,,,,,,,,,,,,,,,,,,,,,,,,,,,,,,,,,,,,,,,
,,2930000,3.26147089721413,3.3437754239631,,,,,,,,,,,,,,,,,,,,,,,,,,,,,,,,,,,,,,,,,
,,2940000,3.26147089721413,3.3437754239631,,,,,,,,,,,,,,,,,,,,,,,,,,,,,,,,,,,,,,,,,
,,2950000,3.26147089721413,3.3437754239631,,,,,,,,,,,,,,,,,,,,,,,,,,,,,,,,,,,,,,,,,
,,2960000,3.26147089721413,3.3437754239631,,,,,,,,,,,,,,,,,,,,,,,,,,,,,,,,,,,,,,,,,
,,2970000,3.26147089721413,3.3437754239631,,,,,,,,,,,,,,,,,,,,,,,,,,,,,,,,,,,,,,,,,
,,2980000,3.26147089721413,3.3437754239631,,,,,,,,,,,,,,,,,,,,,,,,,,,,,,,,,,,,,,,,,
,,2990000,3.26147089721413,3.3437754239631,,,,,,,,,,,,,,,,,,,,,,,,,,,,,,,,,,,,,,,,,
,,3000000,3.26147089721413,3.3437754239631,,,,,,,,,,,,,,,,,,,,,,,,,,,,,,,,,,,,,,,,,
,,3010000,3.26147089721413,3.3437754239631,,,,,,,,,,,,,,,,,,,,,,,,,,,,,,,,,,,,,,,,,
,,3020000,3.26147089721413,3.3437754239631,,,,,,,,,,,,,,,,,,,,,,,,,,,,,,,,,,,,,,,,,
,,3030000,3.26147089721413,3.3437754239631,,,,,,,,,,,,,,,,,,,,,,,,,,,,,,,,,,,,,,,,,
,,3040000,3.26147089721413,3.3437754239631,,,,,,,,,,,,,,,,,,,,,,,,,,,,,,,,,,,,,,,,,
,,3050000,3.26147089721413,3.3437754239631,,,,,,,,,,,,,,,,,,,,,,,,,,,,,,,,,,,,,,,,,
,,3060000,3.26147089721413,3.3437754239631,,,,,,,,,,,,,,,,,,,,,,,,,,,,,,,,,,,,,,,,,
,,3070000,3.26147089721413,3.3437754239631,,,,,,,,,,,,,,,,,,,,,,,,,,,,,,,,,,,,,,,,,
,,3080000,3.26147089721413,3.3437754239631,,,,,,,,,,,,,,,,,,,,,,,,,,,,,,,,,,,,,,,,,
,,3090000,3.26147089721413,3.3437754239631,,,,,,,,,,,,,,,,,,,,,,,,,,,,,,,,,,,,,,,,,
,,3100000,3.26147089721413,3.3437754239631,,,,,,,,,,,,,,,,,,,,,,,,,,,,,,,,,,,,,,,,,
,,3110000,3.26147089721413,3.3437754239631,,,,,,,,,,,,,,,,,,,,,,,,,,,,,,,,,,,,,,,,,
,,3120000,3.26147089721413,3.3437754239631,,,,,,,,,,,,,,,,,,,,,,,,,,,,,,,,,,,,,,,,,
,,3130000,3.26147089721413,3.3437754239631,,,,,,,,,,,,,,,,,,,,,,,,,,,,,,,,,,,,,,,,,
,,3140000,3.26147089721413,3.3437754239631,,,,,,,,,,,,,,,,,,,,,,,,,,,,,,,,,,,,,,,,,
,,3150000,3.26147089721413,3.3437754239631,,,,,,,,,,,,,,,,,,,,,,,,,,,,,,,,,,,,,,,,,
,,3160000,3.26147089721413,3.3437754239631,,,,,,,,,,,,,,,,,,,,,,,,,,,,,,,,,,,,,,,,,
,,3170000,3.26147089721413,3.3437754239631,,,,,,,,,,,,,,,,,,,,,,,,,,,,,,,,,,,,,,,,,
,,3180000,-0.0307101727447208,3.3437754239631,,,,,,,,,,,,,,,,,,,,,,,,,,,,,,,,,,,,,,,,,
,,3190000,-0.0307101727447208,0.133898880753222,,,,,,,,,,,,,,,,,,,,,,,,,,,,,,,,,,,,,,,,,
,,3200000,-0.0307101727447208,0.133898880753222,,,,,,,,,,,,,,,,,,,,,,,,,,,,,,,,,,,,,,,,,
,,3210000,-0.0307101727447208,0.0515943540042503,,,,,,,,,,,,,,,,,,,,,,,,,,,,,,,,,,,,,,,,,
,,3220000,-0.0307101727447208,0.0515943540042503,,,,,,,,,,,,,,,,,,,,,,,,,,,,,,,,,,,,,,,,,
,,3230000,-0.0307101727447208,0.0515943540042503,,,,,,,,,,,,,,,,,,,,,,,,,,,,,,,,,,,,,,,,,
,,3240000,-0.0307101727447208,0.0515943540042503,,,,,,,,,,,,,,,,,,,,,,,,,,,,,,,,,,,,,,,,,
,,3250000,-0.0307101727447208,0.0515943540042503,,,,,,,,,,,,,,,,,,,,,,,,,,,,,,,,,,,,,,,,,
,,3260000,-0.0307101727447208,0.133898880753222,,,,,,,,,,,,,,,,,,,,,,,,,,,,,,,,,,,,,,,,,
,,3270000,-0.0307101727447208,0.0515943540042503,,,,,,,,,,,,,,,,,,,,,,,,,,,,,,,,,,,,,,,,,
,,3280000,-0.0307101727447208,0.133898880753222,,,,,,,,,,,,,,,,,,,,,,,,,,,,,,,,,,,,,,,,,
,,3290000,-0.0307101727447208,0.0515943540042503,,,,,,,,,,,,,,,,,,,,,,,,,,,,,,,,,,,,,,,,,
,,3300000,-0.0307101727447208,0.0515943540042503,,,,,,,,,,,,,,,,,,,,,,,,,,,,,,,,,,,,,,,,,
,,3310000,-0.0307101727447208,0.133898880753222,,,,,,,,,,,,,,,,,,,,,,,,,,,,,,,,,,,,,,,,,
,,3320000,-0.0307101727447208,0.0515943540042503,,,,,,,,,,,,,,,,,,,,,,,,,,,,,,,,,,,,,,,,,
,,3330000,-0.0307101727447208,0.0515943540042503,,,,,,,,,,,,,,,,,,,,,,,,,,,,,,,,,,,,,,,,,
,,3340000,-0.0307101727447208,0.0515943540042503,,,,,,,,,,,,,,,,,,,,,,,,,,,,,,,,,,,,,,,,,
,,3350000,-0.0307101727447208,0.133898880753222,,,,,,,,,,,,,,,,,,,,,,,,,,,,,,,,,,,,,,,,,
,,3360000,-0.0307101727447208,0.0515943540042503,,,,,,,,,,,,,,,,,,,,,,,,,,,,,,,,,,,,,,,,,
,,3370000,-0.0307101727447208,0.0515943540042503,,,,,,,,,,,,,,,,,,,,,,,,,,,,,,,,,,,,,,,,,
,,3380000,-0.0307101727447208,0.0515943540042503,,,,,,,,,,,,,,,,,,,,,,,,,,,,,,,,,,,,,,,,,
,,3390000,-0.0307101727447208,0.0515943540042503,,,,,,,,,,,,,,,,,,,,,,,,,,,,,,,,,,,,,,,,,
,,3400000,-0.0307101727447208,0.0515943540042503,,,,,,,,,,,,,,,,,,,,,,,,,,,,,,,,,,,,,,,,,
,,3410000,-0.0307101727447208,0.133898880753222,,,,,,,,,,,,,,,,,,,,,,,,,,,,,,,,,,,,,,,,,
,,3420000,-0.0307101727447208,0.0515943540042503,,,,,,,,,,,,,,,,,,,,,,,,,,,,,,,,,,,,,,,,,
,,3430000,-0.0307101727447208,0.133898880753222,,,,,,,,,,,,,,,,,,,,,,,,,,,,,,,,,,,,,,,,,
,,3440000,-0.0307101727447208,0.133898880753222,,,,,,,,,,,,,,,,,,,,,,,,,,,,,,,,,,,,,,,,,
,,3450000,-0.0307101727447208,0.0515943540042503,,,,,,,,,,,,,,,,,,,,,,,,,,,,,,,,,,,,,,,,,
,,3460000,-0.0307101727447208,0.0515943540042503,,,,,,,,,,,,,,,,,,,,,,,,,,,,,,,,,,,,,,,,,
,,3470000,-0.0307101727447208,0.133898880753222,,,,,,,,,,,,,,,,,,,,,,,,,,,,,,,,,,,,,,,,,
,,3480000,-0.0307101727447208,0.0515943540042503,,,,,,,,,,,,,,,,,,,,,,,,,,,,,,,,,,,,,,,,,
,,3490000,-0.0307101727447208,0.133898880753222,,,,,,,,,,,,,,,,,,,,,,,,,,,,,,,,,,,,,,,,,
,,3500000,-0.0307101727447208,0.0515943540042503,,,,,,,,,,,,,,,,,,,,,,,,,,,,,,,,,,,,,,,,,
,,3510000,-0.0307101727447208,0.0515943540042503,,,,,,,,,,,,,,,,,,,,,,,,,,,,,,,,,,,,,,,,,
,,3520000,-0.0307101727447208,0.0515943540042503,,,,,,,,,,,,,,,,,,,,,,,,,,,,,,,,,,,,,,,,,
,,3530000,-0.0307101727447208,0.0515943540042503,,,,,,,,,,,,,,,,,,,,,,,,,,,,,,,,,,,,,,,,,
,,3540000,-0.0307101727447208,0.133898880753222,,,,,,,,,,,,,,,,,,,,,,,,,,,,,,,,,,,,,,,,,
,,3550000,-0.0307101727447208,0.0515943540042503,,,,,,,,,,,,,,,,,,,,,,,,,,,,,,,,,,,,,,,,,
,,3560000,-0.0307101727447208,0.0515943540042503,,,,,,,,,,,,,,,,,,,,,,,,,,,,,,,,,,,,,,,,,
,,3570000,-0.0307101727447208,0.133898880753222,,,,,,,,,,,,,,,,,,,,,,,,,,,,,,,,,,,,,,,,,
,,3580000,-0.0307101727447208,0.133898880753222,,,,,,,,,,,,,,,,,,,,,,,,,,,,,,,,,,,,,,,,,
,,3590000,-0.0307101727447208,0.133898880753222,,,,,,,,,,,,,,,,,,,,,,,,,,,,,,,,,,,,,,,,,
,,3600000,-0.0307101727447208,0.133898880753222,,,,,,,,,,,,,,,,,,,,,,,,,,,,,,,,,,,,,,,,,
,,3610000,-0.0307101727447208,0.133898880753222,,,,,,,,,,,,,,,,,,,,,,,,,,,,,,,,,,,,,,,,,
,,3620000,-0.0307101727447208,0.0515943540042503,,,,,,,,,,,,,,,,,,,,,,,,,,,,,,,,,,,,,,,,,
,,3630000,-0.0307101727447208,0.133898880753222,,,,,,,,,,,,,,,,,,,,,,,,,,,,,,,,,,,,,,,,,
,,3640000,-0.0307101727447208,0.133898880753222,,,,,,,,,,,,,,,,,,,,,,,,,,,,,,,,,,,,,,,,,
,,3650000,-0.0307101727447208,0.133898880753222,,,,,,,,,,,,,,,,,,,,,,,,,,,,,,,,,,,,,,,,,
,,3660000,-0.0307101727447208,0.0515943540042503,,,,,,,,,,,,,,,,,,,,,,,,,,,,,,,,,,,,,,,,,
,,3670000,-0.0307101727447208,0.0515943540042503,,,,,,,,,,,,,,,,,,,,,,,,,,,,,,,,,,,,,,,,,
,,3680000,-0.0307101727447208,0.0515943540042503,,,,,,,,,,,,,,,,,,,,,,,,,,,,,,,,,,,,,,,,,
,,3690000,-0.0307101727447208,0.133898880753222,,,,,,,,,,,,,,,,,,,,,,,,,,,,,,,,,,,,,,,,,
,,3700000,-0.0307101727447208,0.0515943540042503,,,,,,,,,,,,,,,,,,,,,,,,,,,,,,,,,,,,,,,,,
,,3710000,-0.0307101727447208,0.0515943540042503,,,,,,,,,,,,,,,,,,,,,,,,,,,,,,,,,,,,,,,,,
,,3720000,-0.0307101727447208,0.0515943540042503,,,,,,,,,,,,,,,,,,,,,,,,,,,,,,,,,,,,,,,,,
,,3730000,-0.0307101727447208,0.0515943540042503,,,,,,,,,,,,,,,,,,,,,,,,,,,,,,,,,,,,,,,,,
,,3740000,-0.0307101727447208,0.133898880753222,,,,,,,,,,,,,,,,,,,,,,,,,,,,,,,,,,,,,,,,,
,,3750000,-0.0307101727447208,0.0515943540042503,,,,,,,,,,,,,,,,,,,,,,,,,,,,,,,,,,,,,,,,,
,,3760000,-0.0307101727447208,0.0515943540042503,,,,,,,,,,,,,,,,,,,,,,,,,,,,,,,,,,,,,,,,,
,,3770000,-0.0307101727447208,0.0515943540042503,,,,,,,,,,,,,,,,,,,,,,,,,,,,,,,,,,,,,,,,,
,,3780000,-0.0307101727447208,0.0515943540042503,,,,,,,,,,,,,,,,,,,,,,,,,,,,,,,,,,,,,,,,,
,,3790000,-0.0307101727447208,3.3437754239631,,,,,,,,,,,,,,,,,,,,,,,,,,,,,,,,,,,,,,,,,
,,3800000,3.26147089721413,3.3437754239631,,,,,,,,,,,,,,,,,,,,,,,,,,,,,,,,,,,,,,,,,
,,3810000,3.26147089721413,3.3437754239631,,,,,,,,,,,,,,,,,,,,,,,,,,,,,,,,,,,,,,,,,
,,3820000,3.26147089721413,3.3437754239631,,,,,,,,,,,,,,,,,,,,,,,,,,,,,,,,,,,,,,,,,
,,3830000,3.26147089721413,3.3437754239631,,,,,,,,,,,,,,,,,,,,,,,,,,,,,,,,,,,,,,,,,
,,3840000,3.26147089721413,3.3437754239631,,,,,,,,,,,,,,,,,,,,,,,,,,,,,,,,,,,,,,,,,
,,3850000,3.26147089721413,3.3437754239631,,,,,,,,,,,,,,,,,,,,,,,,,,,,,,,,,,,,,,,,,
,,3860000,3.26147089721413,3.3437754239631,,,,,,,,,,,,,,,,,,,,,,,,,,,,,,,,,,,,,,,,,
,,3870000,3.26147089721413,3.3437754239631,,,,,,,,,,,,,,,,,,,,,,,,,,,,,,,,,,,,,,,,,
,,3880000,3.26147089721413,3.3437754239631,,,,,,,,,,,,,,,,,,,,,,,,,,,,,,,,,,,,,,,,,
,,3890000,3.26147089721413,3.3437754239631,,,,,,,,,,,,,,,,,,,,,,,,,,,,,,,,,,,,,,,,,
,,3900000,3.26147089721413,3.3437754239631,,,,,,,,,,,,,,,,,,,,,,,,,,,,,,,,,,,,,,,,,
,,3910000,3.26147089721413,3.3437754239631,,,,,,,,,,,,,,,,,,,,,,,,,,,,,,,,,,,,,,,,,
,,3920000,3.26147089721413,3.3437754239631,,,,,,,,,,,,,,,,,,,,,,,,,,,,,,,,,,,,,,,,,
,,3930000,3.26147089721413,3.3437754239631,,,,,,,,,,,,,,,,,,,,,,,,,,,,,,,,,,,,,,,,,
,,3940000,3.26147089721413,3.3437754239631,,,,,,,,,,,,,,,,,,,,,,,,,,,,,,,,,,,,,,,,,
,,3950000,3.26147089721413,3.3437754239631,,,,,,,,,,,,,,,,,,,,,,,,,,,,,,,,,,,,,,,,,
,,3960000,3.26147089721413,3.3437754239631,,,,,,,,,,,,,,,,,,,,,,,,,,,,,,,,,,,,,,,,,
,,3970000,3.26147089721413,3.3437754239631,,,,,,,,,,,,,,,,,,,,,,,,,,,,,,,,,,,,,,,,,
,,3980000,3.26147089721413,3.3437754239631,,,,,,,,,,,,,,,,,,,,,,,,,,,,,,,,,,,,,,,,,
,,3990000,3.26147089721413,3.3437754239631,,,,,,,,,,,,,,,,,,,,,,,,,,,,,,,,,,,,,,,,,
,,4000000,3.26147089721413,3.3437754239631,,,,,,,,,,,,,,,,,,,,,,,,,,,,,,,,,,,,,,,,,
